<?xml version="1.0" encoding="UTF-8"?>
<kml xmlns="http://www.opengis.net/kml/2.2"><Document>
<name>판 구조 지도 (과학허브)</name>
<description>판 경계: Bird, P. (2003) PB2002 — Ahlenius·Nordpil 변환본(Open Data Commons Attribution). 작은 판은 교과서식 큰 판으로 묶었다. 지형 위치는 어림값.</description>
<Style id="div"><LineStyle><color>ff1e1ee6</color><width>3</width></LineStyle></Style>
<Style id="con"><LineStyle><color>ffd2641e</color><width>3</width></LineStyle></Style>
<Style id="tra"><LineStyle><color>ff28a028</color><width>3</width></LineStyle></Style>
<Style id="plate"><IconStyle><scale>0</scale></IconStyle><LabelStyle><scale>1.2</scale></LabelStyle></Style>
<Folder><name>발산형 경계</name>
<Placemark><name>발산형 경계 — 아프리카판 · 남극판</name><description>두 판이 멀어지는 곳 — 해령·열곡대, 새 지각이 생긴다</description><styleUrl>#div</styleUrl><LineString><coordinates>0.443,-54.451 0.965,-54.832 1.695,-54.399 2.36,-54.037 3.025,-53.651 3.369,-53.834 3.956,-54.127 4.415,-54.43 4.827,-54.162 5.084,-54.309 5.495,-54.543 6.184,-54.114 6.625,-53.814 7.237,-54.101 7.772,-54.396 8.288,-54.033 8.799,-53.668 9.429,-53.233 9.993,-52.792 10.542,-53.065 10.975,-53.332 11.708,-52.783 12.299,-52.375 12.895,-51.963 13.204,-52.141 13.788,-52.477 14.463,-51.997 15.112,-52.307 15.428,-52.084 15.822,-51.787 16.907,-52.169 17.806,-52.467 18.537,-52.734 18.712,-52.553 19.994,-52.817 21.25,-52.909 22.504,-53.051 23.075,-53.098 23.021,-53.2 23.886,-53.309 24.685,-53.422 24.873,-53.345</coordinates></LineString></Placemark>
<Placemark><name>발산형 경계 — 아프리카판 · 남극판</name><description>두 판이 멀어지는 곳 — 해령·열곡대, 새 지각이 생긴다</description><styleUrl>#div</styleUrl><LineString><coordinates>32.126,-47.0 31.865,-47.201 31.588,-47.682 31.306,-48.163 31.008,-48.587 30.705,-49.011 30.362,-49.215</coordinates></LineString></Placemark>
<Placemark><name>발산형 경계 — 아프리카판 · 남극판</name><description>두 판이 멀어지는 곳 — 해령·열곡대, 새 지각이 생긴다</description><styleUrl>#div</styleUrl><LineString><coordinates>28.111,-52.904 27.479,-52.771 27.37,-52.673 27.322,-52.547 26.713,-52.378 26.513,-52.62 26.338,-53.065 26.181,-53.429 25.987,-53.582 25.861,-53.48 25.647,-53.41 25.18,-53.444 24.873,-53.345</coordinates></LineString></Placemark>
<Placemark><name>발산형 경계 — 아프리카판 · 아라비아판</name><description>두 판이 멀어지는 곳 — 해령·열곡대, 새 지각이 생긴다</description><styleUrl>#div</styleUrl><LineString><coordinates>39.298,19.03 38.826,19.448 38.396,19.907 38.075,20.389 37.975,21.021 37.825,21.843 37.54,22.494 37.042,23.226 36.571,23.639 36.407,24.133 36.242,24.626 36.066,25.055 35.889,25.484 35.546,25.919 35.2,26.353 34.875,26.808 34.547,27.262 34.257,27.885</coordinates></LineString></Placemark>
<Placemark><name>발산형 경계 — 아프리카판 · 아라비아판</name><description>두 판이 멀어지는 곳 — 해령·열곡대, 새 지각이 생긴다</description><styleUrl>#div</styleUrl><LineString><coordinates>39.298,19.03 39.59,18.419 39.987,17.949 40.331,17.266 40.251,16.785 40.172,16.304 39.671,15.772 39.777,15.138 40.026,14.719 40.275,14.3 40.614,13.742 40.091,13.209 40.507,12.6 40.857,12.205 41.206,11.811 41.649,12.189 42.033,11.577</coordinates></LineString></Placemark>
<Placemark><name>발산형 경계 — 아프리카판 · 유라시아판</name><description>두 판이 멀어지는 곳 — 해령·열곡대, 새 지각이 생긴다</description><styleUrl>#div</styleUrl><LineString><coordinates>-29.77,39.4 -29.335,39.315 -29.297,39.255 -29.26,39.25 -29.188,39.279 -29.147,39.294 -29.09,39.323 -29.049,39.338 -28.982,39.366 -28.951,39.379 -28.895,39.412 -28.853,39.373 -28.781,39.299 -28.745,39.263 -28.686,39.214 -28.666,39.179 -28.619,39.121 -28.566,39.13 -28.484,39.156 -28.452,39.134 -28.42,39.093 -28.396,39.058 -28.365,39.02 -28.342,38.993 -28.292,38.939 -28.215,38.952 -28.12,38.968 -28.059,38.983 -27.955,39.004 -27.793,39.0 -27.722,38.942 -27.68,38.914 -27.606,38.863 -27.559,38.836 -27.484,38.782 -27.239,38.78 -27.203,38.7 -27.174,38.666 -27.129,38.607 -27.09,38.571 -27.029,38.491 -27.007,38.464 -26.941,38.4 -26.901,38.36 -26.83,38.278</coordinates></LineString></Placemark>
<Placemark><name>발산형 경계 — 아프리카판 · 유라시아판</name><description>두 판이 멀어지는 곳 — 해령·열곡대, 새 지각이 생긴다</description><styleUrl>#div</styleUrl><LineString><coordinates>-26.718,38.42 -26.647,38.358 -26.614,38.324 -26.532,38.255 -26.494,38.222 -26.417,38.149 -26.379,38.116 -26.302,38.047 -26.171,38.036 -26.075,37.965 -26.043,37.936 -25.916,37.839 -25.808,37.878 -25.734,37.816 -25.698,37.79 -25.633,37.722</coordinates></LineString></Placemark>
<Placemark><name>발산형 경계 — 아프리카판 · 유라시아판</name><description>두 판이 멀어지는 곳 — 해령·열곡대, 새 지각이 생긴다</description><styleUrl>#div</styleUrl><LineString><coordinates>-25.538,37.818 -25.464,37.752 -25.427,37.718 -25.355,37.663</coordinates></LineString></Placemark>
<Placemark><name>발산형 경계 — 아프리카판 · 유라시아판</name><description>두 판이 멀어지는 곳 — 해령·열곡대, 새 지각이 생긴다</description><styleUrl>#div</styleUrl><LineString><coordinates>-25.267,37.769 -25.101,37.646 -24.983,37.644 -24.931,37.609 -24.892,37.584 -24.845,37.552 -24.816,37.533 -24.775,37.5 -24.733,37.467 -24.667,37.411 -24.702,37.352 -24.738,37.273 -24.75,37.217 -24.681,37.127 -24.635,37.095 -24.554,37.017 -24.5,36.971 -24.434,36.91 -24.385,36.863 -24.311,36.792 -24.255,36.781 -24.146,36.789 -24.046,36.755 -23.57,36.646</coordinates></LineString></Placemark>
<Placemark><name>발산형 경계 — 아프리카판 · 유라시아판</name><description>두 판이 멀어지는 곳 — 해령·열곡대, 새 지각이 생긴다</description><styleUrl>#div</styleUrl><LineString><coordinates>-15.387,37.212 -15.143,37.021</coordinates></LineString></Placemark>
<Placemark><name>발산형 경계 — 아프리카판 · 유라시아판</name><description>두 판이 멀어지는 곳 — 해령·열곡대, 새 지각이 생긴다</description><styleUrl>#div</styleUrl><LineString><coordinates>-6.064,34.784 -6.04,34.517 -6.0,34.263</coordinates></LineString></Placemark>
<Placemark><name>발산형 경계 — 아프리카판 · 유라시아판</name><description>두 판이 멀어지는 곳 — 해령·열곡대, 새 지각이 생긴다</description><styleUrl>#div</styleUrl><LineString><coordinates>15.639,38.299 15.551,38.114 15.421,37.886 15.344,37.615</coordinates></LineString></Placemark>
<Placemark><name>발산형 경계 — 아프리카판 · 북아메리카판</name><description>두 판이 멀어지는 곳 — 해령·열곡대, 새 지각이 생긴다</description><styleUrl>#div</styleUrl><LineString><coordinates>-46.766,15.451 -46.648,16.019 -46.529,16.587 -46.589,16.607 -46.498,17.087 -46.407,17.566 -46.52,17.588 -46.391,18.422 -46.318,18.421 -46.224,18.935 -46.184,18.932 -46.093,19.377 -46.001,19.823 -45.94,19.802 -45.774,20.618 -45.557,20.596 -45.419,21.222 -45.515,21.247 -45.385,21.822 -45.248,21.806 -45.157,22.39 -45.066,22.973 -45.024,22.963 -44.924,23.646 -45.699,23.784 -46.476,23.917 -46.196,24.597 -46.119,24.59 -45.792,25.254 -45.499,25.192 -45.296,25.637 -45.092,26.081 -44.899,26.055 -44.816,26.27 -44.867,26.28 -44.687,26.767 -44.506,27.254 -44.383,27.236 -44.203,27.671 -44.022,28.107 -43.942,28.105 -43.563,28.811 -43.483,28.802 -43.088,29.469 -43.037,29.471 -42.729,30.07 -42.136,29.973 -41.786,30.606 -41.43,31.237 -41.184,31.194 -40.71,31.817 -40.553,31.802 -40.129,32.444 -39.7,33.084 -39.586,33.067 -39.399,33.768 -38.597,33.637 -37.798,33.501 -37.678,33.736 -37.533,33.705 -37.336,34.136 -37.245,34.124 -37.046,34.567 -36.862,34.554 -36.785,34.712 -36.623,34.693 -36.373,35.28 -35.558,35.148 -34.746,35.01 -34.459,35.625 -34.335,35.616 -34.142,36.079 -34.057,36.071 -33.982,36.221 -33.772,36.185 -33.595,36.742 -33.313,36.691 -33.225,36.941 -33.005,36.916 -32.943,37.065 -32.708,37.033 -32.646,37.176 -32.395,37.137 -32.283,37.391 -31.516,37.282 -31.371,37.705 -31.071,37.68 -30.605,38.403 -30.43,38.388 -30.171,38.888 -29.909,39.387 -29.77,39.4</coordinates></LineString></Placemark>
<Placemark><name>발산형 경계 — 아프리카판 · 남아메리카판</name><description>두 판이 멀어지는 곳 — 해령·열곡대, 새 지각이 생긴다</description><styleUrl>#div</styleUrl><LineString><coordinates>-45.13,15.267 -45.136,14.647 -45.142,14.026 -45.061,13.992 -45.049,13.336 -45.037,12.68 -44.262,12.626 -44.278,12.101 -43.884,12.085 -43.903,11.506 -43.921,10.927</coordinates></LineString></Placemark>
<Placemark><name>발산형 경계 — 아프리카판 · 남아메리카판</name><description>두 판이 멀어지는 곳 — 해령·열곡대, 새 지각이 생긴다</description><styleUrl>#div</styleUrl><LineString><coordinates>-41.087,10.787 -41.083,9.979 -40.861,9.973 -40.865,9.389 -40.64,9.373 -40.652,8.841 -40.12,8.815 -40.141,8.215 -39.661,8.197 -39.181,8.179 -38.701,8.159 -38.221,8.14 -38.207,7.703 -37.536,7.679 -36.865,7.654 -36.851,7.401 -36.058,7.363 -36.047,7.023 -35.367,6.935 -35.363,6.614 -34.494,6.616 -33.624,6.618 -33.62,6.104 -33.514,6.076 -33.507,5.649 -32.978,5.647 -32.92,4.804 -32.862,3.96 -32.387,3.986 -31.912,4.011 -31.437,4.036 -30.962,4.061 -30.887,3.255 -30.811,2.449 -30.736,1.643 -30.027,1.607 -29.92,0.797</coordinates></LineString></Placemark>
<Placemark><name>발산형 경계 — 아프리카판 · 남아메리카판</name><description>두 판이 멀어지는 곳 — 해령·열곡대, 새 지각이 생긴다</description><styleUrl>#div</styleUrl><LineString><coordinates>-26.474,1.159 -26.289,0.498 -25.659,0.556 -25.029,0.614 -24.821,-0.245 -24.612,-1.103</coordinates></LineString></Placemark>
<Placemark><name>발산형 경계 — 아프리카판 · 남아메리카판</name><description>두 판이 멀어지는 곳 — 해령·열곡대, 새 지각이 생긴다</description><styleUrl>#div</styleUrl><LineString><coordinates>-16.498,0.299 -16.252,-0.556 -16.037,-0.52 -15.841,-1.143 -15.565,-1.073 -15.41,-1.493 -14.659,-1.301 -13.909,-1.108 -13.158,-0.915 -12.93,-1.507 -12.701,-2.099 -12.164,-1.945 -11.999,-2.4 -11.834,-2.855 -12.029,-3.013 -11.898,-3.493 -11.766,-3.972 -12.097,-4.103 -12.039,-4.587 -12.144,-4.609 -12.019,-5.026 -11.604,-4.942 -11.516,-5.415 -11.167,-5.377 -11.022,-5.93 -11.267,-6.02 -11.181,-6.755 -11.993,-6.961 -12.807,-7.165 -13.621,-7.367 -13.489,-7.889 -13.357,-8.411 -13.191,-8.374 -13.023,-9.225 -13.248,-9.276 -13.166,-9.794 -13.315,-9.825 -13.174,-10.623 -13.031,-11.422 -13.524,-11.539 -14.018,-11.655 -14.512,-11.771 -15.006,-11.885 -14.908,-12.339 -14.861,-12.32 -14.791,-12.656 -14.55,-12.577 -14.41,-13.218 -14.6,-13.266 -14.539,-13.737 -14.478,-14.208 -13.643,-14.035 -13.435,-14.849 -13.226,-15.663 -13.384,-15.688 -13.239,-16.212 -13.77,-16.323 -14.302,-16.433 -14.238,-16.764 -14.369,-16.777 -14.224,-17.386 -14.079,-17.995 -13.519,-17.893 -12.96,-17.79 -12.86,-18.287 -12.759,-18.785 -12.477,-18.747 -12.37,-19.341 -12.263,-19.935 -11.945,-19.825 -11.852,-20.278 -11.971,-20.299 -11.763,-21.176 -12.007,-21.209 -11.849,-21.735 -11.936,-21.752 -11.819,-22.153 -12.364,-22.267 -12.91,-22.379 -12.851,-22.63 -13.34,-22.73 -13.829,-22.829 -13.664,-23.544 -13.57,-23.514 -13.426,-24.146 -13.28,-24.777 -13.811,-24.887 -13.663,-25.648 -14.049,-25.738 -13.816,-26.586 -13.69,-26.564 -13.482,-27.443 -13.272,-28.321 -12.746,-28.213 -12.533,-28.941 -13.262,-29.098 -13.99,-29.251 -13.82,-29.851 -13.716,-29.828 -13.543,-30.491 -13.367,-31.157 -13.499,-31.179 -13.371,-31.661 -13.245,-32.143 -13.883,-32.275 -14.523,-32.4 -14.446,-32.898 -14.367,-33.499 -14.702,-33.569 -14.515,-34.043 -15.274,-34.238 -15.083,-34.69 -15.266,-34.77 -15.1,-35.182 -16.027,-35.343 -16.962,-35.499 -17.703,-35.663 -17.419,-36.068 -17.085,-36.472 -17.44,-36.562 -17.333,-36.944 -17.233,-37.374 -17.533,-37.472 -17.388,-38.025 -17.051,-38.447 -16.799,-38.401 -16.361,-38.558 -16.044,-38.883 -15.965,-39.352 -15.922,-39.681 -16.415,-39.79 -16.47,-40.273 -16.867,-40.366 -16.817,-40.79 -16.744,-41.176 -16.678,-41.519 -16.332,-41.806 -16.215,-42.338 -16.43,-42.868 -16.33,-43.387 -16.244,-43.683 -16.086,-44.132 -15.924,-44.58 -15.76,-45.028 -15.594,-45.476 -14.894,-45.371 -14.715,-45.898 -13.81,-45.797 -13.571,-46.688 -13.325,-47.578 -12.61,-47.471 -11.898,-47.361 -11.189,-47.245 -10.483,-47.126 -10.296,-47.649 -10.104,-48.172 -9.909,-48.694 -9.71,-49.216 -8.922,-49.091 -8.139,-48.961 -8.022,-49.283 -7.961,-49.27 -7.638,-50.059 -7.433,-50.001 -7.159,-50.61 -6.16,-50.417 -5.169,-50.216 -4.943,-50.675 -4.713,-51.133 -4.478,-51.591 -4.238,-52.049 -3.956,-51.979 -3.447,-52.764 -2.92,-53.547 -2.372,-54.327 -1.382,-54.053 -0.915,-54.453 -0.438,-54.852</coordinates></LineString></Placemark>
<Placemark><name>발산형 경계 — 아프리카판 · 소말리아판</name><description>두 판이 멀어지는 곳 — 해령·열곡대, 새 지각이 생긴다</description><styleUrl>#div</styleUrl><LineString><coordinates>42.033,11.577 41.442,11.317 41.117,10.732 40.792,10.146 40.449,9.796 40.107,9.446 39.79,9.071 39.473,8.696 39.157,8.296 38.841,7.895 38.478,7.447 38.115,6.998 37.849,6.477 37.583,5.956 36.914,5.958 36.601,5.484 36.29,5.009</coordinates></LineString></Placemark>
<Placemark><name>발산형 경계 — 아프리카판 · 소말리아판</name><description>두 판이 멀어지는 곳 — 해령·열곡대, 새 지각이 생긴다</description><styleUrl>#div</styleUrl><LineString><coordinates>32.227,5.717 31.753,5.097 31.279,4.477 30.471,4.235 30.475,3.524 30.478,2.812 31.049,2.648 31.62,2.483 31.122,1.96 30.625,1.437 30.246,0.749 29.867,0.06 29.63,-0.626 29.392,-1.313 29.13,-1.809 28.868,-2.306 28.91,-3.134 28.953,-3.962 29.28,-4.557 29.608,-5.151 29.604,-5.625 29.6,-6.099 30.045,-6.791 30.493,-7.483 31.042,-7.631 31.592,-7.778 32.117,-8.162 32.643,-8.546 33.099,-8.643 33.556,-8.741 33.818,-9.598 34.081,-10.455 34.709,-11.027 34.441,-11.717 34.172,-12.406 34.071,-13.167 34.461,-13.859 34.853,-14.549 34.729,-15.191 34.604,-15.834 34.901,-16.334 35.199,-16.833 35.2,-17.404 35.2,-17.976 34.599,-18.356 34.272,-18.688 33.943,-19.019 33.613,-19.35 33.282,-19.681 33.196,-20.512 33.11,-21.344</coordinates></LineString></Placemark>
<Placemark><name>발산형 경계 — 아프리카판 · 소말리아판</name><description>두 판이 멀어지는 곳 — 해령·열곡대, 새 지각이 생긴다</description><styleUrl>#div</styleUrl><LineString><coordinates>27.489,-24.404 27.592,-24.847 27.696,-25.291 27.8,-25.733 27.905,-26.177</coordinates></LineString></Placemark>
<Placemark><name>발산형 경계 — 아프리카판 · 소말리아판</name><description>두 판이 멀어지는 곳 — 해령·열곡대, 새 지각이 생긴다</description><styleUrl>#div</styleUrl><LineString><coordinates>26.594,-28.187 27.179,-28.625 27.769,-29.06</coordinates></LineString></Placemark>
<Placemark><name>발산형 경계 — 남극판 · 인도-오스트레일리아판</name><description>두 판이 멀어지는 곳 — 해령·열곡대, 새 지각이 생긴다</description><styleUrl>#div</styleUrl><LineString><coordinates>69.96,-25.651 70.409,-26.06 70.665,-25.912 70.994,-26.187 71.135,-26.083 71.58,-26.454 71.717,-26.386 72.066,-26.656 72.008,-26.718 72.463,-27.146 72.92,-27.573 73.123,-27.446 73.399,-27.655 73.534,-27.57 73.968,-27.944 74.406,-28.317 74.192,-28.541 74.592,-28.903 74.994,-29.264 74.938,-29.328 75.554,-29.839 75.364,-30.006 75.515,-30.118 75.393,-30.24 75.797,-30.573 76.204,-30.906 76.148,-30.97 76.689,-31.465 76.395,-31.719 76.812,-32.09 77.233,-32.459 77.658,-32.828 78.086,-33.194 77.352,-33.838 77.917,-34.324 78.488,-34.807 78.442,-34.842 78.803,-35.161 78.201,-35.683 78.69,-36.098 79.184,-36.511 78.606,-36.998 78.021,-37.483 78.706,-38.001 78.182,-38.393 78.529,-38.659 78.073,-39.005 78.384,-39.262 78.002,-39.539 78.425,-39.905 77.825,-40.326 78.484,-40.866 78.659,-40.872 79.319,-41.384 79.99,-41.892 80.464,-41.512 80.932,-41.13 81.752,-41.722 82.588,-42.309 83.439,-42.89</coordinates></LineString></Placemark>
<Placemark><name>발산형 경계 — 남극판 · 인도-오스트레일리아판</name><description>두 판이 멀어지는 곳 — 해령·열곡대, 새 지각이 생긴다</description><styleUrl>#div</styleUrl><LineString><coordinates>85.859,-40.834 86.402,-41.129 86.95,-41.421 87.502,-41.71 88.06,-41.997 88.488,-41.686 89.011,-41.944 89.537,-42.2 90.068,-42.454 90.603,-42.705 91.142,-42.953 91.686,-43.199 92.234,-43.443 92.786,-43.684 93.343,-43.922 93.904,-44.157 94.47,-44.39 95.04,-44.619 94.926,-44.805 95.806,-45.141 96.698,-45.471 96.274,-45.996 95.842,-46.52 96.458,-46.772 97.08,-47.02 97.707,-47.265 98.34,-47.506 98.979,-47.744 99.624,-47.978 100.202,-47.266 100.817,-47.465 101.436,-47.661 102.06,-47.853 102.688,-48.042 103.321,-48.228 103.959,-48.409 104.601,-48.588 105.247,-48.762 105.898,-48.933 106.554,-49.101 106.692,-48.841 107.486,-49.015 108.285,-49.182 108.24,-49.259 109.351,-49.523 110.472,-49.779 110.868,-49.829 111.129,-49.8 111.363,-49.93 111.666,-50.084 112.967,-50.2 114.024,-50.388 114.362,-49.878 115.5,-49.974 115.988,-49.852 116.256,-49.54 116.635,-49.271 117.523,-49.62 118.194,-49.865 118.547,-49.802 119.366,-49.938 120.273,-50.036 120.516,-49.524 120.842,-48.89 121.555,-49.006 121.437,-49.62 121.866,-49.736 122.224,-49.846 122.553,-49.812 122.797,-49.729 123.013,-49.542 123.328,-49.585 123.771,-49.122 124.007,-48.906 124.213,-48.848 124.607,-48.984 124.992,-49.153 125.125,-49.358 125.262,-49.598 125.896,-49.717 126.074,-49.401 126.264,-49.044 126.434,-48.63 126.861,-48.698 127.313,-48.764 127.243,-49.294 127.196,-49.643 127.143,-49.976 128.312,-50.159 129.412,-50.348 130.569,-50.525 131.256,-50.604 131.515,-50.222 132.261,-50.223 133.465,-50.306 134.245,-50.347 135.026,-50.384 135.246,-50.209 136.226,-50.248 136.946,-50.22 137.7,-50.234 138.401,-50.231 139.11,-50.256 139.645,-50.279 139.733,-51.174 139.813,-51.838 140.323,-51.798 140.4,-52.274 140.478,-52.75 140.584,-53.504 140.659,-53.885 141.451,-54.053 142.25,-54.215 143.778,-54.234 144.282,-54.799 145.401,-54.756 146.881,-54.695</coordinates></LineString></Placemark>
<Placemark><name>발산형 경계 — 남극판 · 인도-오스트레일리아판</name><description>두 판이 멀어지는 곳 — 해령·열곡대, 새 지각이 생긴다</description><styleUrl>#div</styleUrl><LineString><coordinates>147.902,-57.566 148.076,-57.527 148.806,-57.436 149.15,-58.104 149.398,-58.552 149.652,-58.999 150.006,-59.57 150.733,-59.475 151.008,-59.944 151.29,-60.413 152.473,-60.176 153.639,-59.93</coordinates></LineString></Placemark>
<Placemark><name>발산형 경계 — 남극판 · 인도-오스트레일리아판</name><description>두 판이 멀어지는 곳 — 해령·열곡대, 새 지각이 생긴다</description><styleUrl>#div</styleUrl><LineString><coordinates>156.457,-62.914 157.97,-62.478 159.44,-62.026 160.865,-61.559 161.228,-61.457</coordinates></LineString></Placemark>
<Placemark><name>발산형 경계 — 남극판 · 나스카판</name><description>두 판이 멀어지는 곳 — 해령·열곡대, 새 지각이 생긴다</description><styleUrl>#div</styleUrl><LineString><coordinates>-77.661,-45.761 -77.764,-45.589 -77.99,-45.092 -78.206,-44.411</coordinates></LineString></Placemark>
<Placemark><name>발산형 경계 — 남극판 · 나스카판</name><description>두 판이 멀어지는 곳 — 해령·열곡대, 새 지각이 생긴다</description><styleUrl>#div</styleUrl><LineString><coordinates>-81.935,-44.964 -82.138,-44.404 -82.351,-43.639 -82.509,-42.861 -83.448,-42.981 -83.454,-42.873 -83.604,-42.222 -83.716,-41.674 -83.827,-41.125 -84.487,-41.191 -85.148,-41.253 -86.24,-41.393 -87.336,-41.521 -87.417,-41.273 -88.447,-41.319 -89.25,-41.378 -90.054,-41.432 -90.088,-41.058 -90.739,-41.082 -91.391,-41.103 -91.476,-40.732 -91.512,-40.282 -91.548,-39.833 -91.604,-39.349 -91.658,-38.866 -92.34,-38.918 -93.022,-38.967 -93.075,-38.429 -93.996,-38.482 -94.093,-37.717 -94.13,-37.001 -94.91,-36.985 -95.689,-36.965 -96.551,-36.921 -97.413,-36.871 -97.402,-36.294</coordinates></LineString></Placemark>
<Placemark><name>발산형 경계 — 남극판 · 나스카판</name><description>두 판이 멀어지는 곳 — 해령·열곡대, 새 지각이 생긴다</description><styleUrl>#div</styleUrl><LineString><coordinates>-108.797,-35.132 -109.259,-34.545</coordinates></LineString></Placemark>
<Placemark><name>발산형 경계 — 남극판 · 나스카판</name><description>두 판이 멀어지는 곳 — 해령·열곡대, 새 지각이 생긴다</description><styleUrl>#div</styleUrl><LineString><coordinates>-110.827,-35.091 -110.527,-35.061 -110.326,-34.946 -110.141,-34.817 -109.919,-34.702 -109.691,-34.609</coordinates></LineString></Placemark>
<Placemark><name>발산형 경계 — 남극판 · 태평양판</name><description>두 판이 멀어지는 곳 — 해령·열곡대, 새 지각이 생긴다</description><styleUrl>#div</styleUrl><LineString><coordinates>163.202,-62.66 163.773,-62.475 164.275,-62.322 164.768,-62.177 165.103,-62.077 165.653,-62.473 165.969,-62.668 166.62,-63.087 166.858,-63.221 167.55,-62.971 168.277,-62.773 168.708,-62.632 169.238,-62.446</coordinates></LineString></Placemark>
<Placemark><name>발산형 경계 — 남극판 · 태평양판</name><description>두 판이 멀어지는 곳 — 해령·열곡대, 새 지각이 생긴다</description><styleUrl>#div</styleUrl><LineString><coordinates>173.631,-64.738 174.242,-64.508 174.814,-64.315 175.162,-64.174 175.582,-63.984</coordinates></LineString></Placemark>
<Placemark><name>발산형 경계 — 남극판 · 태평양판</name><description>두 판이 멀어지는 곳 — 해령·열곡대, 새 지각이 생긴다</description><styleUrl>#div</styleUrl><LineString><coordinates>-178.793,-66.163 -177.926,-65.862 -177.072,-65.607 -175.729,-65.183 -175.07,-65.505 -174.418,-65.835 -173.709,-65.506 -172.517,-64.978 -171.3,-64.356 -170.043,-64.858 -169.839,-64.764 -169.109,-64.245 -168.379,-63.73 -167.513,-63.106 -166.608,-62.49 -166.199,-62.606 -165.149,-63.007 -163.921,-63.467 -163.001,-62.967 -162.061,-62.394 -161.338,-62.614 -160.43,-62.923 -159.888,-62.595 -158.703,-63.004 -158.394,-62.789 -157.601,-63.07 -156.717,-63.324 -156.022,-62.952 -155.254,-62.433 -154.324,-61.776 -154.181,-61.836 -153.661,-61.399 -152.943,-60.841 -152.119,-60.158 -151.329,-59.469 -150.382,-59.718 -149.809,-59.314 -149.264,-58.822 -148.276,-58.13 -147.692,-57.555 -147.167,-57.638 -146.681,-57.308 -145.979,-56.669 -145.412,-56.228 -144.857,-55.784</coordinates></LineString></Placemark>
<Placemark><name>발산형 경계 — 남극판 · 태평양판</name><description>두 판이 멀어지는 곳 — 해령·열곡대, 새 지각이 생긴다</description><styleUrl>#div</styleUrl><LineString><coordinates>-140.325,-57.053 -140.041,-56.772 -139.545,-56.268 -139.191,-55.725 -139.578,-55.615 -139.253,-55.251 -138.799,-54.712 -138.338,-54.141 -137.89,-53.568 -137.522,-53.688 -136.59,-53.907 -136.18,-53.396</coordinates></LineString></Placemark>
<Placemark><name>발산형 경계 — 남극판 · 태평양판</name><description>두 판이 멀어지는 곳 — 해령·열곡대, 새 지각이 생긴다</description><styleUrl>#div</styleUrl><LineString><coordinates>-127.231,-55.565 -126.8,-55.064</coordinates></LineString></Placemark>
<Placemark><name>발산형 경계 — 남극판 · 태평양판</name><description>두 판이 멀어지는 곳 — 해령·열곡대, 새 지각이 생긴다</description><styleUrl>#div</styleUrl><LineString><coordinates>-121.862,-56.026 -121.635,-55.832 -121.228,-55.219 -120.663,-54.41 -119.685,-54.642 -118.581,-54.819 -118.313,-54.35 -118.037,-53.691 -117.661,-53.124 -118.977,-52.897 -118.875,-52.752 -118.422,-52.212 -118.12,-51.772 -117.824,-51.331 -117.522,-50.875 -117.225,-50.418 -116.802,-49.893 -116.388,-49.368 -115.233,-49.589 -114.556,-49.721 -113.875,-49.849 -113.745,-49.357 -113.528,-48.841 -113.315,-48.324 -113.131,-47.773 -112.95,-47.222 -112.685,-46.539 -112.426,-45.854 -112.675,-45.833 -112.55,-45.494 -112.381,-44.938 -112.216,-44.381 -111.971,-43.774 -111.73,-43.166 -111.538,-42.683 -111.349,-42.2 -110.954,-42.249 -110.832,-41.355 -110.754,-40.76 -110.677,-40.164 -110.533,-39.575 -110.391,-38.986 -111.27,-38.979 -111.268,-38.878 -111.067,-38.276 -110.869,-37.674 -110.668,-37.042 -110.471,-36.41 -110.739,-36.358 -110.715,-36.219 -110.579,-35.83 -110.895,-35.797 -110.877,-35.319 -110.827,-35.091</coordinates></LineString></Placemark>
<Placemark><name>발산형 경계 — 남극판 · 남아메리카판</name><description>두 판이 멀어지는 곳 — 해령·열곡대, 새 지각이 생긴다</description><styleUrl>#div</styleUrl><LineString><coordinates>-0.438,-54.852 -1.039,-55.019 -1.606,-55.129 -1.614,-55.653 -2.08,-55.657 -2.896,-55.707 -3.72,-55.74 -4.056,-55.769 -4.691,-55.807 -4.675,-56.21 -4.693,-56.592 -5.448,-56.627 -6.057,-56.672 -6.094,-56.982 -6.13,-57.24 -6.538,-57.27 -6.999,-57.318 -7.013,-57.617 -7.009,-57.869</coordinates></LineString></Placemark>
<Placemark><name>발산형 경계 — 남극판 · 남아메리카판</name><description>두 판이 멀어지는 곳 — 해령·열곡대, 새 지각이 생긴다</description><styleUrl>#div</styleUrl><LineString><coordinates>-15.972,-58.439 -16.005,-58.459 -16.226,-58.767 -16.41,-59.098 -16.917,-59.098 -17.667,-59.129 -18.06,-59.153 -18.123,-59.509 -18.433,-59.542 -18.547,-59.938 -18.646,-60.25 -19.371,-60.289 -19.581,-60.811</coordinates></LineString></Placemark>
<Placemark><name>발산형 경계 — 남극판 · 스코샤판</name><description>두 판이 멀어지는 곳 — 해령·열곡대, 새 지각이 생긴다</description><styleUrl>#div</styleUrl><LineString><coordinates>-54.301,-61.51 -53.122,-61.037 -52.068,-60.753 -51.119,-60.572 -50.887,-60.094</coordinates></LineString></Placemark>
<Placemark><name>발산형 경계 — 남극판 · 스코샤판</name><description>두 판이 멀어지는 곳 — 해령·열곡대, 새 지각이 생긴다</description><styleUrl>#div</styleUrl><LineString><coordinates>-41.214,-60.975 -39.827,-60.634</coordinates></LineString></Placemark>
<Placemark><name>발산형 경계 — 남극판 · 스코샤판</name><description>두 판이 멀어지는 곳 — 해령·열곡대, 새 지각이 생긴다</description><styleUrl>#div</styleUrl><LineString><coordinates>-36.418,-61.392 -34.825,-60.989 -33.446,-60.701 -32.367,-60.409</coordinates></LineString></Placemark>
<Placemark><name>발산형 경계 — 남극판 · 스코샤판</name><description>두 판이 멀어지는 곳 — 해령·열곡대, 새 지각이 생긴다</description><styleUrl>#div</styleUrl><LineString><coordinates>-63.292,-62.825 -62.42,-63.001 -61.75,-63.293 -60.118,-62.945 -58.614,-62.553 -57.39,-62.304 -56.306,-62.063 -55.436,-61.687 -54.301,-61.51</coordinates></LineString></Placemark>
<Placemark><name>발산형 경계 — 남극판 · 소말리아판</name><description>두 판이 멀어지는 곳 — 해령·열곡대, 새 지각이 생긴다</description><styleUrl>#div</styleUrl><LineString><coordinates>32.126,-47.0 33.174,-47.264 33.359,-46.806 33.54,-46.346 33.818,-45.979 33.982,-46.081 34.087,-46.09 34.267,-46.212 34.504,-46.222 34.704,-45.971 34.868,-45.466 35.014,-45.106 35.182,-44.855 35.66,-44.866 35.973,-44.961 36.303,-44.966 36.677,-44.92 37.085,-44.804 37.508,-44.875 38.083,-44.619 38.194,-44.401 38.338,-44.055 39.073,-44.165 39.267,-43.726 39.459,-43.286 40.506,-43.438 41.558,-43.579 41.686,-43.117 41.812,-42.655 42.469,-42.73 42.572,-42.26 42.674,-41.79 42.774,-41.32 42.873,-40.85 44.009,-40.915 44.023,-40.671 44.686,-40.691 44.716,-40.369 45.303,-40.366 45.332,-40.109 46.074,-40.119 46.16,-39.494 46.244,-38.87 47.135,-38.764 48.023,-38.651 48.017,-38.478 48.633,-38.014 49.034,-38.0 49.037,-37.792 49.945,-37.79 49.962,-37.597 50.823,-37.58 50.827,-37.451 51.555,-37.442 52.283,-37.432 52.311,-36.797 52.338,-36.162 52.902,-36.153 53.466,-36.141 53.471,-35.517 54.216,-35.302 54.255,-34.542 55.275,-34.561 55.301,-34.287 55.699,-34.235 55.738,-33.653 56.401,-33.627 57.061,-33.554 57.091,-32.835 57.122,-32.303 57.153,-31.771 57.8,-31.722 58.456,-31.691 58.53,-31.055 59.167,-31.05 59.188,-30.567 60.005,-30.561 60.763,-30.531 60.747,-30.014 60.762,-29.999 60.786,-29.465 60.81,-28.931 61.532,-28.92 61.518,-28.777 62.162,-28.811 62.135,-28.49 62.746,-28.458 62.703,-28.153 63.211,-28.164 63.194,-28.021 63.621,-28.039 63.604,-27.831 64.467,-27.817 65.332,-27.812 65.348,-27.514 66.359,-27.514 66.373,-27.281 67.129,-27.269 67.156,-26.867 67.424,-26.87 67.433,-26.572 67.962,-26.583 67.979,-26.291 68.622,-26.263 68.598,-26.121 68.82,-26.141 68.829,-26.009 69.15,-25.993 69.138,-25.784 69.46,-25.782 69.49,-25.676 69.96,-25.651</coordinates></LineString></Placemark>
<Placemark><name>발산형 경계 — 아라비아판 · 아나톨리아판</name><description>두 판이 멀어지는 곳 — 해령·열곡대, 새 지각이 생긴다</description><styleUrl>#div</styleUrl><LineString><coordinates>36.413,36.023 36.389,36.26 36.466,36.73</coordinates></LineString></Placemark>
<Placemark><name>발산형 경계 — 아라비아판 · 인도-오스트레일리아판</name><description>두 판이 멀어지는 곳 — 해령·열곡대, 새 지각이 생긴다</description><styleUrl>#div</styleUrl><LineString><coordinates>59.41,14.895 59.034,15.088 58.589,14.646 58.213,14.916 57.984,14.599 57.476,14.662 57.001,14.66 56.265,14.623</coordinates></LineString></Placemark>
<Placemark><name>발산형 경계 — 아라비아판 · 소말리아판</name><description>두 판이 멀어지는 곳 — 해령·열곡대, 새 지각이 생긴다</description><styleUrl>#div</styleUrl><LineString><coordinates>56.265,14.623 56.208,14.643 56.179,14.621 56.057,14.641 55.822,14.692 55.668,14.722 55.631,14.681 55.48,14.729 55.278,14.788 55.108,14.851 55.047,14.712 54.958,14.727 54.731,14.801 54.549,14.87 54.511,14.76 54.451,14.621 54.387,14.64 54.332,14.671 54.287,14.681 54.249,14.691 54.193,14.71 54.149,14.733 54.069,14.772 54.018,14.657 53.929,14.489 53.862,14.351 53.818,14.361 53.579,14.441 53.358,14.512 53.22,14.562 53.211,14.538 53.122,14.559 52.907,14.622 52.737,14.681 52.667,14.561 52.547,14.597 52.299,14.663 52.139,14.689 51.94,14.353 51.763,14.028 51.57,13.667 51.449,13.458 51.343,13.272 51.253,13.122 51.079,13.192 50.842,13.279 50.661,13.362 50.573,13.218 50.429,13.273 50.31,13.313 50.252,13.229 50.167,13.123 50.061,13.167 49.849,13.251 49.68,13.313 49.593,13.169 49.472,13.008 49.43,13.042 49.349,12.897 49.278,12.802 49.07,12.853 48.882,12.908 48.803,12.77 48.699,12.658 48.567,12.691 48.448,12.729 48.349,12.573 48.268,12.602 48.142,12.641 48.048,12.671 47.991,12.581 47.901,12.461 47.788,12.492 47.649,12.519 47.588,12.441 47.539,12.369 47.319,12.43 47.161,12.463 47.13,12.359 47.049,12.388 46.992,12.403 46.93,12.3 46.849,12.211 46.717,12.248 46.579,12.292 46.511,12.202 46.429,12.087 46.311,12.142 46.198,12.172 46.15,12.112 46.11,12.058 45.851,12.1 45.65,12.152 45.637,12.159 45.602,12.073 45.522,11.983 45.428,12.018 45.328,12.052 45.281,11.998 45.097,11.999 44.913,12.012 44.882,12.019 44.78,12.022 44.513,12.013 44.049,12.008 43.65,12.013 42.841,11.795 42.033,11.577</coordinates></LineString></Placemark>
<Placemark><name>발산형 경계 — 아나톨리아판 · 유라시아판</name><description>두 판이 멀어지는 곳 — 해령·열곡대, 새 지각이 생긴다</description><styleUrl>#div</styleUrl><LineString><coordinates>29.731,35.427 29.389,35.728 29.137,35.97 28.789,36.361 28.411,36.983 28.254,37.269 28.254,37.521 28.278,37.757 28.2,37.965 27.954,38.228 27.672,38.499 27.138,38.876 26.61,39.298 26.256,39.529 25.861,39.708</coordinates></LineString></Placemark>
<Placemark><name>발산형 경계 — 아나톨리아판 · 유라시아판</name><description>두 판이 멀어지는 곳 — 해령·열곡대, 새 지각이 생긴다</description><styleUrl>#div</styleUrl><LineString><coordinates>30.774,40.601 30.007,40.768 29.03,40.686 28.725,40.668 27.987,40.618 27.568,40.64 27.256,40.789</coordinates></LineString></Placemark>
<Placemark><name>발산형 경계 — 카리브판 · 북아메리카판</name><description>두 판이 멀어지는 곳 — 해령·열곡대, 새 지각이 생긴다</description><styleUrl>#div</styleUrl><LineString><coordinates>-81.754,18.865 -81.689,18.333 -81.625,17.802</coordinates></LineString></Placemark>
<Placemark><name>발산형 경계 — 카리브판 · 북아메리카판</name><description>두 판이 멀어지는 곳 — 해령·열곡대, 새 지각이 생긴다</description><styleUrl>#div</styleUrl><LineString><coordinates>-87.723,16.251 -88.351,15.958 -88.876,15.622 -89.372,15.215 -89.718,14.815 -90.037,14.392 -90.426,13.917 -90.81,13.394 -90.898,12.584</coordinates></LineString></Placemark>
<Placemark><name>발산형 경계 — 카리브판 · 나스카판</name><description>두 판이 멀어지는 곳 — 해령·열곡대, 새 지각이 생긴다</description><styleUrl>#div</styleUrl><LineString><coordinates>-80.687,7.415 -80.784,7.358 -80.894,7.294 -81.038,7.222 -81.163,7.172 -81.342,7.099 -81.487,7.055 -81.584,7.039 -81.741,7.061 -81.889,6.978 -81.944,6.95</coordinates></LineString></Placemark>
<Placemark><name>발산형 경계 — 카리브판 · 남아메리카판</name><description>두 판이 멀어지는 곳 — 해령·열곡대, 새 지각이 생긴다</description><styleUrl>#div</styleUrl><LineString><coordinates>-65.121,10.6 -64.997,10.539</coordinates></LineString></Placemark>
<Placemark><name>발산형 경계 — 카리브판 · 남아메리카판</name><description>두 판이 멀어지는 곳 — 해령·열곡대, 새 지각이 생긴다</description><styleUrl>#div</styleUrl><LineString><coordinates>-70.659,13.31 -70.496,13.162 -70.183,12.93 -69.863,12.668 -69.594,12.45 -69.348,12.175 -69.024,11.844 -68.73,11.513 -68.379,11.174 -68.087,10.814 -67.961,10.5</coordinates></LineString></Placemark>
<Placemark><name>발산형 경계 — 코코스판 · 나스카판</name><description>두 판이 멀어지는 곳 — 해령·열곡대, 새 지각이 생긴다</description><styleUrl>#div</styleUrl><LineString><coordinates>-99.739,2.269 -99.657,2.19 -98.918,2.112 -98.889,2.213 -98.367,2.145 -97.846,2.077 -97.551,2.088 -97.585,1.898 -96.88,1.886 -96.175,1.873 -96.12,2.238 -95.224,2.222 -95.198,2.507 -94.404,2.44 -93.611,2.372 -92.928,2.3 -92.245,2.227 -92.09,2.2 -92.118,1.99 -91.538,2.011 -91.561,1.817 -90.697,1.736 -90.663,1.12 -89.784,1.073 -88.904,1.025 -88.024,0.977 -87.145,0.929 -86.266,0.88 -85.386,0.832 -85.349,1.644 -84.576,1.598 -84.571,2.066 -84.567,2.534 -84.467,3.112 -83.923,3.139 -83.378,3.165 -82.806,3.118</coordinates></LineString></Placemark>
<Placemark><name>발산형 경계 — 코코스판 · 나스카판</name><description>두 판이 멀어지는 곳 — 해령·열곡대, 새 지각이 생긴다</description><styleUrl>#div</styleUrl><LineString><coordinates>-101.512,2.232 -101.203,2.241 -101.196,2.199 -101.067,2.21 -100.644,2.204 -100.394,2.207 -100.066,2.207 -100.047,2.3 -99.913,2.272 -99.811,2.273 -99.739,2.269</coordinates></LineString></Placemark>
<Placemark><name>발산형 경계 — 코코스판 · 나스카판</name><description>두 판이 멀어지는 곳 — 해령·열곡대, 새 지각이 생긴다</description><styleUrl>#div</styleUrl><LineString><coordinates>-101.512,2.232 -101.49,2.605 -101.697,2.64 -101.878,2.642 -102.068,2.635</coordinates></LineString></Placemark>
<Placemark><name>발산형 경계 — 코코스판 · 태평양판</name><description>두 판이 멀어지는 곳 — 해령·열곡대, 새 지각이 생긴다</description><styleUrl>#div</styleUrl><LineString><coordinates>-105.586,17.881 -105.399,17.768 -105.367,17.031 -105.398,16.26 -105.357,15.558 -105.32,15.108 -104.69,15.274 -104.563,14.672 -104.437,14.07 -104.181,13.328 -103.927,12.587 -103.772,11.89 -103.875,11.872 -103.807,11.405 -103.739,10.937 -103.628,10.275 -103.598,10.123 -104.296,10.017 -104.296,9.175 -104.258,8.456 -104.229,8.34 -103.595,8.37 -102.961,8.4 -102.81,7.791 -102.659,7.182 -102.558,6.355 -102.457,5.529 -102.32,4.653 -102.184,3.778 -102.259,3.751 -102.199,3.458 -102.219,3.239</coordinates></LineString></Placemark>
<Placemark><name>발산형 경계 — 코코스판 · 태평양판</name><description>두 판이 멀어지는 곳 — 해령·열곡대, 새 지각이 생긴다</description><styleUrl>#div</styleUrl><LineString><coordinates>-102.068,2.635 -102.109,2.786 -102.096,2.798 -102.118,2.893 -102.145,2.889 -102.193,3.072 -102.219,3.239</coordinates></LineString></Placemark>
<Placemark><name>발산형 경계 — 코코스판 · 태평양판</name><description>두 판이 멀어지는 곳 — 해령·열곡대, 새 지각이 생긴다</description><styleUrl>#div</styleUrl><LineString><coordinates>-108.582,21.905 -108.669,21.774 -108.784,21.643 -108.868,21.536 -108.936,21.451 -108.977,21.347 -108.809,21.253 -108.915,21.068 -109.013,20.949 -109.111,20.824 -109.194,20.739 -109.261,20.643 -109.285,20.558 -109.187,20.5 -109.215,20.397 -109.319,20.242 -109.378,20.176 -109.373,20.142 -109.45,20.027 -109.16,19.806 -108.903,19.625 -108.896,19.55 -108.534,19.384 -108.198,19.223 -108.233,19.107 -107.816,18.936 -107.523,18.863 -107.272,18.756 -107.002,18.647 -106.756,18.59 -106.527,18.544 -106.244,18.52 -106.281,18.281 -106.311,18.12 -106.318,18.016 -106.308,17.929</coordinates></LineString></Placemark>
<Placemark><name>발산형 경계 — 유라시아판 · 인도-오스트레일리아판</name><description>두 판이 멀어지는 곳 — 해령·열곡대, 새 지각이 생긴다</description><styleUrl>#div</styleUrl><LineString><coordinates>67.342,28.404 67.24,28.573</coordinates></LineString></Placemark>
<Placemark><name>발산형 경계 — 유라시아판 · 인도-오스트레일리아판</name><description>두 판이 멀어지는 곳 — 해령·열곡대, 새 지각이 생긴다</description><styleUrl>#div</styleUrl><LineString><coordinates>70.258,31.006 70.101,31.459 69.942,31.913</coordinates></LineString></Placemark>
<Placemark><name>발산형 경계 — 유라시아판 · 인도-오스트레일리아판</name><description>두 판이 멀어지는 곳 — 해령·열곡대, 새 지각이 생긴다</description><styleUrl>#div</styleUrl><LineString><coordinates>128.081,2.29 128.187,1.974 128.752,1.623 129.197,1.059</coordinates></LineString></Placemark>
<Placemark><name>발산형 경계 — 유라시아판 · 북아메리카판</name><description>두 판이 멀어지는 곳 — 해령·열곡대, 새 지각이 생긴다</description><styleUrl>#div</styleUrl><LineString><coordinates>-15.716,69.55 -16.034,69.265 -16.263,69.038 -16.487,68.808 -17.154,68.865 -17.392,68.7 -17.829,68.4 -18.22,68.066 -18.49,67.738 -18.756,67.443 -19.099,67.058 -18.118,66.934 -18.247,66.781 -17.473,66.685 -17.718,66.365 -16.507,66.203 -16.656,65.943 -16.859,65.677 -17.025,65.379 -17.141,64.995 -17.368,64.737 -17.822,64.489 -18.626,64.182 -19.041,63.985 -19.238,63.862 -20.097,63.949 -20.731,64.017 -21.298,64.067 -22.066,63.922 -22.537,63.836 -22.872,63.767 -23.059,63.65 -23.33,63.651 -23.487,63.568 -23.74,63.474 -24.01,63.355 -24.255,63.23 -24.519,63.11 -24.721,62.992 -24.888,62.924 -25.035,62.8 -25.156,62.71 -25.311,62.614 -25.449,62.62 -25.643,62.503 -25.875,62.375 -26.107,62.237 -26.309,62.105 -26.527,61.939 -26.768,61.825 -27.032,61.665 -27.226,61.532 -27.389,61.398 -27.582,61.252 -27.854,61.066 -28.024,60.956 -28.192,60.848 -28.408,60.704 -28.642,60.566 -28.829,60.419 -28.927,60.333 -29.028,60.34 -29.118,60.273 -29.225,60.168 -29.372,60.083</coordinates></LineString></Placemark>
<Placemark><name>발산형 경계 — 유라시아판 · 북아메리카판</name><description>두 판이 멀어지는 곳 — 해령·열곡대, 새 지각이 생긴다</description><styleUrl>#div</styleUrl><LineString><coordinates>125.679,78.133 126.457,77.684 127.181,77.234 127.634,76.643 128.05,76.05 128.519,75.494 128.955,74.938 129.595,74.479 130.2,74.018 131.263,73.371 132.483,72.695 133.267,72.282 134.017,71.865 134.854,71.268 135.595,70.692 135.962,70.53 136.758,69.954 137.368,69.635 138.523,69.042 138.963,68.477 139.381,67.91 140.33,67.447 141.242,66.979 142.503,66.654 143.731,66.318 144.344,65.803 144.932,65.286</coordinates></LineString></Placemark>
<Placemark><name>발산형 경계 — 유라시아판 · 북아메리카판</name><description>두 판이 멀어지는 곳 — 해령·열곡대, 새 지각이 생긴다</description><styleUrl>#div</styleUrl><LineString><coordinates>-15.716,69.55 -15.425,69.84 -15.024,70.169 -14.734,70.389 -14.448,70.354 -14.237,70.517 -14.036,70.726 -13.892,70.816 -13.396,70.772 -12.905,70.698 -12.255,70.563 -12.009,70.706 -11.669,70.876 -11.356,71.052 -11.865,71.147 -12.359,71.252 -12.106,71.396 -11.714,71.588 -11.37,71.774 -10.356,71.615 -9.393,71.456 -7.941,71.217 -7.375,71.125 -6.9,71.282 -6.333,71.387 -5.917,71.465 -5.699,71.54 -5.157,71.431 -4.741,71.333 -4.36,71.432 -4.072,71.491 -3.692,71.398 -2.937,71.5 -2.399,71.592 -1.743,71.685 -0.975,71.815 -0.392,71.91 0.281,72.015 0.901,72.134 1.991,72.328 2.781,72.433 3.609,72.58 4.3,72.697 4.97,72.821 5.586,72.924 6.055,73.019 6.782,73.145 7.071,73.203 7.391,73.252 7.791,73.371 8.15,73.427 8.386,73.485 8.652,73.534 8.838,73.628 8.957,73.706 9.037,73.758 9.14,73.882 9.203,73.979 9.208,74.096 9.153,74.233 9.133,74.377 8.984,74.543 8.781,74.763 8.63,74.946 8.46,75.076 8.212,75.188 7.946,75.382 7.842,75.527 7.603,75.729 7.593,75.981 7.515,76.117 7.48,76.279 7.557,76.431 7.563,76.602 7.615,76.799 7.622,76.969 7.672,77.148 7.809,77.479 7.88,77.712 7.771,77.911 7.827,78.09 7.785,78.235 6.776,78.444 5.592,78.641 4.691,78.806 3.857,78.95 3.432,79.03 3.901,79.228 4.39,79.533 3.296,79.658 2.378,79.78 1.487,79.909 0.628,80.026 -0.251,80.142 -0.969,80.213 -1.766,80.309 -2.341,80.37 -1.684,80.625 -2.942,80.756 -3.364,80.792 -2.779,80.993 -2.414,81.126 -3.454,81.251 -4.641,81.37 -4.152,81.552 -3.909,81.62 -5.033,81.913 -4.537,82.05 -3.796,82.29 -3.7,82.328 -5.01,82.519 -5.865,82.691 -7.212,82.868 -6.234,83.0 -5.154,83.249 -4.148,83.43 -3.204,83.57 -2.363,83.69 -1.206,83.864 -0.469,83.996 0.405,84.102 1.301,84.223 2.235,84.343 3.024,84.462 3.848,84.561 4.035,84.597 4.508,84.57 5.177,84.632 6.665,84.762 8.134,84.898 8.938,85.009 9.809,84.958 10.659,85.067 11.704,85.137 13.242,85.281 14.666,85.38 16.063,85.485 17.89,85.591 19.285,85.684 21.343,85.799 23.347,85.817 25.383,85.859 27.427,85.867 28.143,85.874 29.229,85.81 30.972,85.908 33.34,86.053 35.607,86.161 38.301,86.291 41.756,86.432 43.479,86.496 46.314,86.561 46.063,86.598 47.523,86.641 50.77,86.706 54.561,86.746 58.018,86.787 61.506,86.805 62.463,86.755 66.544,86.655 66.301,86.606 69.752,86.472 68.208,86.306 70.926,86.203 72.984,86.106 75.029,85.989 76.326,85.917 78.403,85.768 81.103,85.639 83.143,85.556 84.802,85.5 86.802,85.418 88.486,85.346 89.98,85.296 92.313,85.229 94.155,85.155 95.839,85.102 97.273,85.028 98.568,84.96 99.444,84.911 102.918,84.664 103.943,84.578 105.302,84.485 106.759,84.369 107.709,84.295 108.939,84.194 109.727,84.11 110.959,83.965 111.974,83.824 112.843,83.674 113.723,83.512 114.558,83.321 115.258,83.151 115.793,83.014 116.582,82.74 117.171,82.539 117.755,82.298 119.1,82.087 119.984,81.595 121.004,81.115 121.898,80.643 122.639,80.206 123.408,79.759 125.188,78.99 125.679,78.133</coordinates></LineString></Placemark>
<Placemark><name>발산형 경계 — 유라시아판 · 북아메리카판</name><description>두 판이 멀어지는 곳 — 해령·열곡대, 새 지각이 생긴다</description><styleUrl>#div</styleUrl><LineString><coordinates>-29.77,39.4 -29.609,39.993 -29.613,40.033 -29.58,40.079 -29.588,40.106 -29.656,40.107 -29.64,40.208 -29.631,40.285 -29.598,40.383 -29.569,40.47 -29.577,40.549 -29.56,40.599 -29.346,40.57 -29.3,40.705 -29.278,40.871 -29.256,40.985 -29.242,41.126 -29.229,41.215 -29.322,41.247 -29.292,41.385 -29.245,41.52 -29.206,41.683 -29.2,41.8 -29.162,41.91 -29.261,41.929 -29.242,42.083 -29.245,42.175 -29.223,42.237 -29.223,42.289 -29.435,42.291 -29.392,42.413 -29.37,42.527 -29.339,42.613 -29.318,42.674 -29.321,42.715 -29.372,42.724 -29.349,42.838 -29.327,42.951 -29.317,43.028 -29.317,43.081 -29.174,43.08 -29.091,43.208 -29.008,43.389 -28.934,43.493 -28.885,43.628 -28.84,43.698 -28.796,43.768 -28.524,43.768 -28.513,43.845 -28.481,43.931 -28.483,44.023 -28.455,44.096 -28.436,44.145 -28.435,44.198 -28.367,44.184 -28.32,44.307 -28.282,44.405 -28.257,44.518 -28.215,44.628 -28.168,44.75 -28.144,44.812 -28.142,44.864 -28.106,44.909 -28.157,44.92 -28.139,44.968 -28.115,45.03 -28.1,45.066 -28.076,45.127 -27.994,45.098 -27.988,45.163 -27.986,45.215 -27.979,45.28 -27.972,45.344 -27.937,45.337 -27.935,45.39 -27.938,45.43 -27.924,45.466 -27.871,45.456 -27.862,45.48 -27.864,45.521 -27.877,45.536 -27.825,45.526 -27.795,45.599 -27.773,45.7 -27.759,45.829 -27.739,45.878 -27.699,45.883 -27.697,45.936 -27.677,45.985 -27.602,45.983 -27.585,46.072 -27.572,46.149 -27.565,46.213 -27.512,46.203 -27.489,46.304 -27.487,46.356 -27.472,46.485 -27.446,46.638 -27.444,46.691 -27.436,46.755 -27.378,46.757 -27.377,46.849 -27.347,46.922 -27.334,46.999 -27.382,47.114 -27.441,47.205 -27.474,47.264 -27.461,47.341 -27.458,47.393 -27.464,47.473 -27.443,47.522 -27.448,47.602 -27.463,47.658 -27.564,47.651 -27.59,47.775 -27.622,47.886 -27.635,47.994 -27.654,48.09 -27.704,48.205 -27.712,48.325 -27.731,48.421 -27.749,48.517 -27.76,48.585 -27.889,48.609 -28.011,48.605 -28.035,48.688 -28.087,48.803 -28.162,48.909 -28.206,48.996 -28.263,49.099 -28.317,49.161 -28.353,49.22 -28.426,49.286 -28.452,49.369 -28.486,49.481 -28.545,49.583 -28.562,49.639 -28.718,49.653 -28.818,49.657 -28.869,49.731 -28.895,49.815 -28.96,49.905 -28.987,49.988 -28.995,50.068 -29.022,50.152 -29.126,50.195 -29.198,50.221 -29.322,50.32 -29.427,50.416 -29.508,50.469 -29.537,50.5 -29.662,50.598 -29.768,50.694 -29.831,50.743 -29.875,50.79 -29.909,50.861 -29.942,50.931 -29.982,50.99 -29.976,51.107 -30.001,51.254 -29.996,51.424 -30.001,51.62 -30.006,51.765 -30.011,51.857 -30.036,51.953 -30.026,52.03 -30.376,52.057 -30.807,52.095 -31.058,52.105 -31.268,52.109 -31.253,52.263 -31.265,52.343 -31.257,52.42 -31.582,52.465 -31.866,52.504 -32.054,52.516 -32.359,52.556 -32.649,52.581 -32.857,52.595 -33.02,52.615 -33.335,52.628 -33.712,52.648 -34.174,52.663 -34.572,52.682 -34.925,52.708 -34.884,52.704 -35.011,52.704 -35.138,52.705 -35.156,52.861 -35.161,52.99 -35.184,53.134 -35.183,53.21 -35.325,53.238 -35.282,53.388 -35.257,53.475 -35.246,53.512 -35.452,53.546 -35.395,53.668 -35.327,53.828 -35.27,53.951 -35.201,54.111 -35.147,54.22 -35.121,54.308 -35.313,54.327 -35.488,54.331 -35.412,54.516 -35.365,54.678 -35.289,54.786 -35.274,54.913 -35.212,54.971 -35.339,54.996 -35.251,55.141 -35.173,55.326 -35.08,55.484 -34.972,55.691 -34.901,55.774 -34.877,55.848 -34.638,55.812 -34.62,55.939 -34.558,56.061 -34.51,56.21 -34.493,56.337 -34.46,56.436 -34.44,56.499 -34.346,56.502 -34.321,56.577 -34.247,56.659 -34.218,56.746 -34.072,56.739 -34.043,56.78 -34.004,56.827 -33.978,56.902 -33.796,56.883 -33.682,56.871 -33.587,56.875 -33.566,57.001 -33.535,57.088 -33.509,57.162 -33.497,57.264 -33.377,57.265 -33.203,57.285 -33.07,57.451 -33.01,57.548 -32.964,57.608 -32.918,57.667 -32.806,57.642 -32.708,57.773 -32.619,57.88 -32.492,57.957 -32.472,58.006 -32.28,57.998 -32.123,58.148 -31.983,58.249 -31.872,58.34 -31.8,58.397 -31.745,58.468 -31.556,58.447 -31.427,58.574 -31.303,58.69 -31.178,58.805 -31.039,58.892 -30.977,58.976 -30.791,58.941 -30.647,59.092 -30.453,59.238 -30.306,59.39 -30.163,59.529 -30.043,59.618 -29.85,59.751 -29.636,59.868 -29.507,59.969 -29.372,60.083</coordinates></LineString></Placemark>
<Placemark><name>발산형 경계 — 유라시아판 · 북아메리카판</name><description>두 판이 멀어지는 곳 — 해령·열곡대, 새 지각이 생긴다</description><styleUrl>#div</styleUrl><LineString><coordinates>144.932,65.286 145.487,64.438 146.008,63.587 146.499,62.734 146.963,61.88 146.126,61.57 145.306,61.255 144.502,60.935 143.715,60.611 142.943,60.282 142.187,59.948 142.086,59.479 141.988,59.009 141.893,58.539 141.8,58.069 141.709,57.598 141.621,57.128 141.535,56.658 141.451,56.188</coordinates></LineString></Placemark>
<Placemark><name>발산형 경계 — 인도-오스트레일리아판 · 태평양판</name><description>두 판이 멀어지는 곳 — 해령·열곡대, 새 지각이 생긴다</description><styleUrl>#div</styleUrl><LineString><coordinates>-178.733,-13.986 -178.768,-14.23 -178.888,-14.224 -179.048,-14.927 -179.288,-14.936 -179.444,-15.527</coordinates></LineString></Placemark>
<Placemark><name>발산형 경계 — 인도-오스트레일리아판 · 태평양판</name><description>두 판이 멀어지는 곳 — 해령·열곡대, 새 지각이 생긴다</description><styleUrl>#div</styleUrl><LineString><coordinates>172.571,-13.411 172.434,-13.435 172.3,-13.481 172.163,-13.569 171.972,-13.678 171.619,-13.75 171.296,-13.793 171.295,-14.066 171.181,-14.083 170.945,-14.093 170.642,-14.088 170.638,-13.942 170.15,-13.974 169.739,-13.953 169.739,-13.824 169.622,-13.808 169.456,-13.811 169.231,-13.8 169.234,-13.651 169.026,-13.639 168.792,-13.63 168.577,-13.602 168.596,-13.514 168.159,-13.515</coordinates></LineString></Placemark>
<Placemark><name>발산형 경계 — 인도-오스트레일리아판 · 태평양판</name><description>두 판이 멀어지는 곳 — 해령·열곡대, 새 지각이 생긴다</description><styleUrl>#div</styleUrl><LineString><coordinates>159.318,-53.598 159.216,-53.619</coordinates></LineString></Placemark>
<Placemark><name>발산형 경계 — 인도-오스트레일리아판 · 태평양판</name><description>두 판이 멀어지는 곳 — 해령·열곡대, 새 지각이 생긴다</description><styleUrl>#div</styleUrl><LineString><coordinates>172.571,-13.411 173.049,-13.49 173.671,-13.517 173.941,-13.295 174.482,-13.396 174.661,-13.415 174.784,-13.395 174.898,-13.335 175.314,-13.244 175.659,-13.326 175.947,-13.422</coordinates></LineString></Placemark>
<Placemark><name>발산형 경계 — 인도-오스트레일리아판 · 태평양판</name><description>두 판이 멀어지는 곳 — 해령·열곡대, 새 지각이 생긴다</description><styleUrl>#div</styleUrl><LineString><coordinates>176.021,-13.643 176.256,-13.672 176.618,-13.731 176.966,-13.853</coordinates></LineString></Placemark>
<Placemark><name>발산형 경계 — 인도-오스트레일리아판 · 태평양판</name><description>두 판이 멀어지는 곳 — 해령·열곡대, 새 지각이 생긴다</description><styleUrl>#div</styleUrl><LineString><coordinates>154.978,-5.24 154.592,-5.581</coordinates></LineString></Placemark>
<Placemark><name>발산형 경계 — 인도-오스트레일리아판 · 태평양판</name><description>두 판이 멀어지는 곳 — 해령·열곡대, 새 지각이 생긴다</description><styleUrl>#div</styleUrl><LineString><coordinates>-176.346,-14.634 -175.865,-14.478 -175.309,-14.407 -174.754,-14.334</coordinates></LineString></Placemark>
<Placemark><name>발산형 경계 — 인도-오스트레일리아판 · 소말리아판</name><description>두 판이 멀어지는 곳 — 해령·열곡대, 새 지각이 생긴다</description><styleUrl>#div</styleUrl><LineString><coordinates>67.811,-7.253 68.073,-7.648 67.642,-8.027 68.039,-8.492 67.565,-8.881 67.09,-9.27 67.378,-9.63 66.92,-9.99 66.46,-10.35 66.787,-10.762 66.167,-11.21 66.418,-11.559 65.698,-12.019 66.033,-12.426 66.369,-12.833 65.821,-13.268 66.21,-13.777 65.928,-13.979 66.208,-14.339 66.488,-14.698 66.888,-15.27 67.29,-15.821 67.383,-15.942 67.033,-16.139 67.41,-16.659 66.708,-17.09 66.143,-17.45 65.542,-17.783 65.007,-18.058 65.264,-18.443 65.522,-18.828 66.033,-19.577 66.428,-20.078 66.751,-19.87 67.04,-20.218 67.31,-20.073 67.593,-20.369 67.768,-20.28 67.897,-20.469 68.213,-20.291 68.559,-20.712 68.277,-20.878 68.653,-21.449 69.202,-22.088 68.797,-22.387 69.162,-22.83 69.558,-23.373 69.85,-23.709 69.402,-24.04 69.68,-24.369 69.939,-24.678 69.592,-24.97 70.09,-25.483</coordinates></LineString></Placemark>
<Placemark><name>발산형 경계 — 인도-오스트레일리아판 · 소말리아판</name><description>두 판이 멀어지는 곳 — 해령·열곡대, 새 지각이 생긴다</description><styleUrl>#div</styleUrl><LineString><coordinates>56.919,9.971 56.978,9.857 57.029,9.857 57.261,9.681 57.491,9.942 58.063,9.532 58.018,9.45 58.263,9.293 58.148,9.09 58.43,8.863</coordinates></LineString></Placemark>
<Placemark><name>발산형 경계 — 인도-오스트레일리아판 · 소말리아판</name><description>두 판이 멀어지는 곳 — 해령·열곡대, 새 지각이 생긴다</description><styleUrl>#div</styleUrl><LineString><coordinates>58.251,8.647 58.611,8.401 58.918,8.167 58.88,8.097 59.309,7.768</coordinates></LineString></Placemark>
<Placemark><name>발산형 경계 — 인도-오스트레일리아판 · 소말리아판</name><description>두 판이 멀어지는 곳 — 해령·열곡대, 새 지각이 생긴다</description><styleUrl>#div</styleUrl><LineString><coordinates>59.22,7.673 59.7,7.312 60.179,6.951 60.038,6.767 60.67,6.31 61.142,5.91 61.657,5.49 61.529,5.262 62.0,4.911 62.457,4.523 63.002,4.108 62.868,3.893 63.331,3.631 63.388,3.7 63.819,3.482 63.89,3.602 64.618,3.217 64.682,3.299 65.213,2.921 65.489,3.299 65.963,2.971 66.38,2.752 66.179,2.393 65.992,2.052 66.333,1.859 66.673,1.621 66.493,1.331 66.87,1.068 66.657,0.722 67.159,0.337 66.839,-0.039 67.209,-0.34 67.023,-0.578 67.662,-1.04 67.367,-1.44 67.929,-1.913 67.788,-2.088 68.249,-2.54 67.892,-2.888 68.27,-3.351 68.667,-3.771 68.349,-4.118 68.751,-4.549 68.199,-5.042 68.607,-5.472 68.219,-5.891 67.782,-6.259 68.274,-6.811</coordinates></LineString></Placemark>
<Placemark><name>발산형 경계 — 인도-오스트레일리아판 · 소말리아판</name><description>두 판이 멀어지는 곳 — 해령·열곡대, 새 지각이 생긴다</description><styleUrl>#div</styleUrl><LineString><coordinates>58.239,12.745 57.868,13.002 57.639,13.138</coordinates></LineString></Placemark>
<Placemark><name>발산형 경계 — 인도-오스트레일리아판 · 소말리아판</name><description>두 판이 멀어지는 곳 — 해령·열곡대, 새 지각이 생긴다</description><styleUrl>#div</styleUrl><LineString><coordinates>57.81,13.451 57.689,13.523 57.478,13.643 57.301,13.74 57.299,13.772 57.14,13.848 56.969,13.937</coordinates></LineString></Placemark>
<Placemark><name>발산형 경계 — 인도-오스트레일리아판 · 소말리아판</name><description>두 판이 멀어지는 곳 — 해령·열곡대, 새 지각이 생긴다</description><styleUrl>#div</styleUrl><LineString><coordinates>57.037,14.068 56.903,14.141 56.762,14.208</coordinates></LineString></Placemark>
<Placemark><name>발산형 경계 — 인도-오스트레일리아판 · 소말리아판</name><description>두 판이 멀어지는 곳 — 해령·열곡대, 새 지각이 생긴다</description><styleUrl>#div</styleUrl><LineString><coordinates>56.819,14.302 56.265,14.623</coordinates></LineString></Placemark>
<Placemark><name>발산형 경계 — 후안데푸카판 · 태평양판</name><description>두 판이 멀어지는 곳 — 해령·열곡대, 새 지각이 생긴다</description><styleUrl>#div</styleUrl><LineString><coordinates>-127.579,40.45 -127.579,40.539 -127.717,40.573 -127.639,41.081 -127.56,41.589 -127.446,41.555 -127.401,41.64 -127.241,41.692 -127.039,42.357 -126.627,43.014</coordinates></LineString></Placemark>
<Placemark><name>발산형 경계 — 후안데푸카판 · 태평양판</name><description>두 판이 멀어지는 곳 — 해령·열곡대, 새 지각이 생긴다</description><styleUrl>#div</styleUrl><LineString><coordinates>-130.48,44.589 -130.367,44.93 -130.069,45.285 -130.187,45.414 -129.936,45.736 -129.869,45.896 -130.073,45.943 -130.051,46.196 -129.917,46.229 -129.803,46.433 -129.572,46.402 -129.259,47.065 -128.938,47.727 -129.19,47.835 -128.94,48.324 -129.147,48.476 -128.919,48.869 -129.705,49.177 -130.501,49.479 -130.162,49.983 -130.3,50.055 -130.162,50.217 -130.329,50.298 -130.254,50.465 -130.753,50.908 -131.074,51.185 -130.85,51.612</coordinates></LineString></Placemark>
<Placemark><name>발산형 경계 — 북아메리카판 · 태평양판</name><description>두 판이 멀어지는 곳 — 해령·열곡대, 새 지각이 생긴다</description><styleUrl>#div</styleUrl><LineString><coordinates>-115.596,33.237 -115.717,33.13 -115.594,33.04 -115.508,32.958 -115.581,32.876 -115.412,32.71 -115.212,32.512 -115.33,32.418 -115.085,32.236 -114.765,31.995 -114.522,31.786 -114.332,31.602 -114.207,31.458 -114.118,31.356 -114.33,31.194 -114.439,31.097 -114.303,30.912 -114.129,30.68 -113.986,30.513 -113.807,30.313 -114.041,30.121 -113.909,29.982 -113.758,29.834 -113.87,29.73 -113.969,29.646 -113.775,29.44 -113.521,29.205 -113.281,29.008 -113.339,28.95 -113.087,28.715 -112.812,28.499 -112.589,28.322 -112.321,28.125 -112.015,27.906 -111.711,27.694 -111.506,27.57 -111.382,27.497 -111.569,27.215 -111.373,27.105 -111.506,26.927 -111.228,26.723 -110.957,26.535 -110.758,26.416 -110.68,26.361 -110.778,26.225 -110.572,26.066 -110.291,25.889 -110.024,25.706 -109.872,25.607 -109.806,25.557 -110.007,25.339 -109.788,25.18 -109.591,25.016 -109.35,24.857 -109.178,24.735 -109.062,24.658 -109.276,24.396 -109.002,24.152 -108.806,23.984 -108.61,23.814 -108.439,23.674 -108.357,23.614 -108.651,23.241 -108.388,23.082 -108.01,22.986 -108.232,22.712</coordinates></LineString></Placemark>
<Placemark><name>발산형 경계 — 북아메리카판 · 태평양판</name><description>두 판이 멀어지는 곳 — 해령·열곡대, 새 지각이 생긴다</description><styleUrl>#div</styleUrl><LineString><coordinates>-108.676,21.96 -108.589,22.102 -108.516,22.201 -108.527,22.277 -108.407,22.44 -108.273,22.613 -108.232,22.712</coordinates></LineString></Placemark>
<Placemark><name>발산형 경계 — 북아메리카판 · 남아메리카판</name><description>두 판이 멀어지는 곳 — 해령·열곡대, 새 지각이 생긴다</description><styleUrl>#div</styleUrl><LineString><coordinates>-55.484,17.784 -54.853,17.309 -54.155,17.136 -53.46,16.956 -52.881,16.761 -52.304,16.567 -51.661,16.321 -51.024,16.073 -50.467,15.87 -49.803,15.983 -49.207,16.035 -48.515,16.013 -47.693,15.957 -47.398,15.804 -46.766,15.451</coordinates></LineString></Placemark>
<Placemark><name>발산형 경계 — 나스카판 · 태평양판</name><description>두 판이 멀어지는 곳 — 해령·열곡대, 새 지각이 생긴다</description><styleUrl>#div</styleUrl><LineString><coordinates>-114.421,-22.115 -114.505,-22.196 -114.498,-22.543 -114.567,-23.024 -114.875,-23.04 -114.962,-23.179 -115.183,-23.237 -115.254,-23.397 -115.599,-23.468 -115.424,-23.884 -115.402,-24.017 -115.482,-24.105 -115.912,-24.242 -115.968,-24.383 -116.184,-24.458 -116.225,-24.556 -116.099,-24.847 -116.49,-25.172 -116.353,-25.416 -116.028,-25.674 -115.769,-25.968 -115.518,-26.243 -115.291,-26.466 -115.105,-26.604 -114.526,-26.725 -113.944,-26.79</coordinates></LineString></Placemark>
<Placemark><name>발산형 경계 — 나스카판 · 태평양판</name><description>두 판이 멀어지는 곳 — 해령·열곡대, 새 지각이 생긴다</description><styleUrl>#div</styleUrl><LineString><coordinates>-102.068,2.635 -102.082,2.574 -102.077,2.502 -102.085,2.486 -102.085,2.412 -102.09,2.391 -102.088,2.327 -102.08,2.308 -102.075,2.161 -102.067,2.137 -102.075,2.024 -102.076,1.972 -102.088,1.903 -102.104,1.904 -102.133,1.778 -102.262,1.752 -102.23,1.541 -102.257,1.528 -102.222,1.361 -102.243,1.349 -102.203,1.221 -102.223,1.214 -102.181,1.134</coordinates></LineString></Placemark>
<Placemark><name>발산형 경계 — 나스카판 · 태평양판</name><description>두 판이 멀어지는 곳 — 해령·열곡대, 새 지각이 생긴다</description><styleUrl>#div</styleUrl><LineString><coordinates>-112.023,-31.536 -112.041,-31.774 -112.063,-31.948 -112.065,-32.114 -112.151,-32.343</coordinates></LineString></Placemark>
<Placemark><name>발산형 경계 — 나스카판 · 태평양판</name><description>두 판이 멀어지는 곳 — 해령·열곡대, 새 지각이 생긴다</description><styleUrl>#div</styleUrl><LineString><coordinates>-112.356,-32.328 -112.415,-32.489 -112.418,-32.794 -112.442,-33.112 -112.46,-33.399 -112.504,-33.65</coordinates></LineString></Placemark>
<Placemark><name>발산형 경계 — 나스카판 · 태평양판</name><description>두 판이 멀어지는 곳 — 해령·열곡대, 새 지각이 생긴다</description><styleUrl>#div</styleUrl><LineString><coordinates>-112.604,-33.663 -112.628,-33.999 -112.562,-34.3 -112.417,-34.556 -112.187,-34.674 -111.756,-34.811 -111.399,-34.912 -111.126,-34.995 -110.827,-35.091</coordinates></LineString></Placemark>
<Placemark><name>발산형 경계 — 나스카판 · 태평양판</name><description>두 판이 멀어지는 곳 — 해령·열곡대, 새 지각이 생긴다</description><styleUrl>#div</styleUrl><LineString><coordinates>-102.319,-0.015 -102.397,-0.503 -102.524,-1.283 -102.399,-1.283 -102.462,-1.533 -102.307,-1.596 -102.402,-1.907 -102.621,-1.906 -102.687,-2.436 -102.754,-2.934 -102.566,-2.936 -102.571,-3.435 -102.735,-4.056 -103.637,-3.951 -104.539,-3.844 -104.699,-4.152 -105.38,-4.078 -105.544,-4.569 -106.253,-4.494 -106.45,-5.043 -106.587,-5.624 -106.741,-5.62 -106.752,-6.019 -106.845,-6.016 -106.95,-6.443 -107.441,-6.367 -107.607,-6.759 -107.653,-7.186 -107.88,-7.514 -108.063,-8.24 -108.192,-8.357 -108.32,-9.145 -109.038,-9.035 -109.756,-8.925 -109.857,-9.677 -110.071,-9.665 -110.218,-10.08 -110.292,-10.802 -110.447,-10.822 -110.485,-11.394 -110.675,-11.472 -110.926,-11.968 -111.077,-12.742 -110.892,-12.755 -111.007,-13.411 -111.191,-13.396 -111.266,-13.541 -111.846,-13.465 -112.426,-13.386 -112.439,-13.865 -112.581,-14.062 -112.613,-14.718 -112.766,-14.704 -112.869,-15.248 -112.973,-15.792 -113.066,-16.351 -112.973,-16.361 -113.165,-16.67 -113.041,-16.683 -113.241,-17.052 -113.117,-17.065 -113.329,-17.521 -113.174,-17.538 -113.388,-17.994 -113.264,-18.008 -113.383,-18.444 -113.52,-18.758 -113.364,-18.777 -113.623,-19.285 -113.498,-19.301 -113.697,-19.968 -113.796,-20.321 -113.931,-20.574 -114.087,-20.599 -114.229,-21.121 -114.318,-21.564 -114.379,-21.627 -114.421,-22.115</coordinates></LineString></Placemark>
<Placemark><name>발산형 경계 — 나스카판 · 태평양판</name><description>두 판이 멀어지는 곳 — 해령·열곡대, 새 지각이 생긴다</description><styleUrl>#div</styleUrl><LineString><coordinates>-112.976,-26.83 -113.112,-27.014 -113.129,-27.273 -113.133,-27.577 -113.001,-27.607 -112.971,-27.85 -112.955,-28.129 -112.934,-28.379 -113.01,-28.383 -113.021,-28.549 -113.02,-28.787 -112.956,-29.009 -112.367,-29.16 -111.806,-29.266 -111.749,-29.579 -111.773,-30.025 -111.775,-30.187 -111.797,-30.425 -111.851,-30.624 -111.885,-30.666 -111.951,-31.045 -111.978,-31.386 -111.964,-31.39 -112.023,-31.536</coordinates></LineString></Placemark>
<Placemark><name>발산형 경계 — 나스카판 · 태평양판</name><description>두 판이 멀어지는 곳 — 해령·열곡대, 새 지각이 생긴다</description><styleUrl>#div</styleUrl><LineString><coordinates>-102.181,1.134 -102.24,0.713 -102.21,0.706 -102.253,0.372 -102.294,0.157 -102.319,-0.015</coordinates></LineString></Placemark>
<Placemark><name>발산형 경계 — 태평양판 · 필리핀판</name><description>두 판이 멀어지는 곳 — 해령·열곡대, 새 지각이 생긴다</description><styleUrl>#div</styleUrl><LineString><coordinates>133.989,6.333 133.674,6.156 133.429,5.962 133.308,5.734 133.24,5.349 133.189,5.016 133.032,4.788 132.911,4.454 132.79,4.12 132.74,3.698 132.795,3.312 132.85,2.908 132.817,2.539 132.766,2.257 132.734,1.728 132.72,1.165 132.651,0.812 132.515,0.017</coordinates></LineString></Placemark>
<Placemark><name>발산형 경계 — 남아메리카판 · 스코샤판</name><description>두 판이 멀어지는 곳 — 해령·열곡대, 새 지각이 생긴다</description><styleUrl>#div</styleUrl><LineString><coordinates>-33.734,-54.46 -33.355,-54.86 -33.058,-55.458</coordinates></LineString></Placemark>
<Placemark><name>발산형 경계 — 남아메리카판 · 스코샤판</name><description>두 판이 멀어지는 곳 — 해령·열곡대, 새 지각이 생긴다</description><styleUrl>#div</styleUrl><LineString><coordinates>-63.713,-54.018 -64.788,-54.173 -65.871,-54.318</coordinates></LineString></Placemark>
</Folder>
<Folder><name>수렴형 경계</name>
<Placemark><name>수렴형 경계 — 아프리카판 · 아라비아판</name><description>두 판이 가까워지는 곳 — 해구(섭입)·습곡 산맥(충돌)</description><styleUrl>#con</styleUrl><LineString><coordinates>36.413,36.023 36.431,35.752 36.396,35.285 36.325,34.482 36.024,34.096 35.726,33.71 35.648,33.232 35.571,32.755</coordinates></LineString></Placemark>
<Placemark><name>수렴형 경계 — 아프리카판 · 아라비아판</name><description>두 판이 가까워지는 곳 — 해구(섭입)·습곡 산맥(충돌)</description><styleUrl>#con</styleUrl><LineString><coordinates>35.47,32.004 35.309,31.383</coordinates></LineString></Placemark>
<Placemark><name>수렴형 경계 — 아프리카판 · 아나톨리아판</name><description>두 판이 가까워지는 곳 — 해구(섭입)·습곡 산맥(충돌)</description><styleUrl>#con</styleUrl><LineString><coordinates>29.731,35.427 30.221,35.154 30.793,34.991 31.256,34.826 31.74,34.634 32.172,34.487 32.668,34.39 33.101,34.29 33.735,34.302 34.054,34.505 34.5,34.785</coordinates></LineString></Placemark>
<Placemark><name>수렴형 경계 — 아프리카판 · 유라시아판</name><description>두 판이 가까워지는 곳 — 해구(섭입)·습곡 산맥(충돌)</description><styleUrl>#con</styleUrl><LineString><coordinates>20.3,37.804 20.76,37.098 21.327,36.629 21.599,36.216 21.893,35.933 22.375,35.742 22.866,35.437 23.399,34.99 23.874,34.628 24.593,34.34 25.577,34.249 26.465,34.198 27.226,34.335 27.684,34.706 28.05,34.87 28.478,35.127 28.779,35.312 29.07,35.378 29.345,35.425 29.731,35.427</coordinates></LineString></Placemark>
<Placemark><name>수렴형 경계 — 아프리카판 · 유라시아판</name><description>두 판이 가까워지는 곳 — 해구(섭입)·습곡 산맥(충돌)</description><styleUrl>#con</styleUrl><LineString><coordinates>-26.83,38.278 -26.718,38.42</coordinates></LineString></Placemark>
<Placemark><name>수렴형 경계 — 아프리카판 · 유라시아판</name><description>두 판이 가까워지는 곳 — 해구(섭입)·습곡 산맥(충돌)</description><styleUrl>#con</styleUrl><LineString><coordinates>-25.633,37.722 -25.538,37.818</coordinates></LineString></Placemark>
<Placemark><name>수렴형 경계 — 아프리카판 · 유라시아판</name><description>두 판이 가까워지는 곳 — 해구(섭입)·습곡 산맥(충돌)</description><styleUrl>#con</styleUrl><LineString><coordinates>-25.355,37.663 -25.267,37.769</coordinates></LineString></Placemark>
<Placemark><name>수렴형 경계 — 아프리카판 · 유라시아판</name><description>두 판이 가까워지는 곳 — 해구(섭입)·습곡 산맥(충돌)</description><styleUrl>#con</styleUrl><LineString><coordinates>-19.682,37.025 -18.618,37.307 -18.124,37.466</coordinates></LineString></Placemark>
<Placemark><name>수렴형 경계 — 아프리카판 · 유라시아판</name><description>두 판이 가까워지는 곳 — 해구(섭입)·습곡 산맥(충돌)</description><styleUrl>#con</styleUrl><LineString><coordinates>-15.143,37.021 -14.411,37.21 -13.675,37.395</coordinates></LineString></Placemark>
<Placemark><name>수렴형 경계 — 아프리카판 · 유라시아판</name><description>두 판이 가까워지는 곳 — 해구(섭입)·습곡 산맥(충돌)</description><styleUrl>#con</styleUrl><LineString><coordinates>-11.585,35.851 -10.923,36.098 -10.429,36.392 -9.977,36.651</coordinates></LineString></Placemark>
<Placemark><name>수렴형 경계 — 아프리카판 · 유라시아판</name><description>두 판이 가까워지는 곳 — 해구(섭입)·습곡 산맥(충돌)</description><styleUrl>#con</styleUrl><LineString><coordinates>-5.808,34.019 -5.397,33.985 -5.072,34.078 -4.706,34.068 -4.056,34.199 -3.782,35.014 -3.749,35.596 -3.296,35.858 -2.893,36.018 -2.573,36.105 -1.992,35.898 -1.516,35.771 -0.748,35.776 0.003,35.904 0.667,36.072 1.245,36.282 1.97,36.503 2.38,36.594 3.454,36.851 4.297,36.97 5.142,37.082 5.974,37.154 6.784,37.322 7.215,37.32 7.805,37.358 8.265,37.467 8.627,37.79 8.942,38.212 9.264,38.341 9.7,38.47 10.089,38.572 10.373,38.685</coordinates></LineString></Placemark>
<Placemark><name>수렴형 경계 — 아프리카판 · 유라시아판</name><description>두 판이 가까워지는 곳 — 해구(섭입)·습곡 산맥(충돌)</description><styleUrl>#con</styleUrl><LineString><coordinates>14.514,38.765 15.175,38.292 15.499,38.401 15.639,38.299</coordinates></LineString></Placemark>
<Placemark><name>수렴형 경계 — 아프리카판 · 유라시아판</name><description>두 판이 가까워지는 곳 — 해구(섭입)·습곡 산맥(충돌)</description><styleUrl>#con</styleUrl><LineString><coordinates>17.96,39.17 18.364,38.947 18.895,38.694 19.584,38.272 20.0,37.908</coordinates></LineString></Placemark>
<Placemark><name>수렴형 경계 — 아프리카판 · 유라시아판</name><description>두 판이 가까워지는 곳 — 해구(섭입)·습곡 산맥(충돌)</description><styleUrl>#con</styleUrl><LineString><coordinates>15.375,37.34 15.832,37.274 16.236,37.309 16.824,37.398 17.168,37.503 17.42,37.701 17.612,37.993 17.773,38.285 17.845,38.461 18.031,38.516 18.086,38.794 18.062,39.006</coordinates></LineString></Placemark>
<Placemark><name>수렴형 경계 — 아프리카판 · 유라시아판</name><description>두 판이 가까워지는 곳 — 해구(섭입)·습곡 산맥(충돌)</description><styleUrl>#con</styleUrl><LineString><coordinates>20.0,37.908 20.3,37.804</coordinates></LineString></Placemark>
<Placemark><name>수렴형 경계 — 아프리카판 · 유라시아판</name><description>두 판이 가까워지는 곳 — 해구(섭입)·습곡 산맥(충돌)</description><styleUrl>#con</styleUrl><LineString><coordinates>10.373,38.685 10.609,38.821 10.827,38.994 11.118,39.067 11.363,39.075 11.659,39.033 11.778,38.934 12.057,38.878 12.434,38.849 12.708,38.6 13.314,38.611 13.811,38.625 14.114,38.695 14.514,38.765</coordinates></LineString></Placemark>
<Placemark><name>수렴형 경계 — 아프리카판 · 소말리아판</name><description>두 판이 가까워지는 곳 — 해구(섭입)·습곡 산맥(충돌)</description><styleUrl>#con</styleUrl><LineString><coordinates>32.125,-46.998 32.663,-46.191 33.171,-45.382 33.678,-44.561 34.157,-43.747 34.636,-42.931 35.09,-42.103 35.528,-41.254 35.955,-40.403 36.371,-39.55 36.777,-38.696 37.174,-37.84 37.562,-36.984 36.721,-36.433 35.892,-35.876 35.075,-35.314 34.269,-34.746 33.474,-34.173</coordinates></LineString></Placemark>
<Placemark><name>수렴형 경계 — 아프리카판 · 소말리아판</name><description>두 판이 가까워지는 곳 — 해구(섭입)·습곡 산맥(충돌)</description><styleUrl>#con</styleUrl><LineString><coordinates>31.207,-21.928 30.729,-22.071 30.25,-22.212 29.77,-22.352 29.289,-22.491</coordinates></LineString></Placemark>
<Placemark><name>수렴형 경계 — 아프리카판 · 소말리아판</name><description>두 판이 가까워지는 곳 — 해구(섭입)·습곡 산맥(충돌)</description><styleUrl>#con</styleUrl><LineString><coordinates>27.905,-26.177 27.253,-26.474 26.596,-26.768</coordinates></LineString></Placemark>
<Placemark><name>수렴형 경계 — 남극판 · 남아메리카판</name><description>두 판이 가까워지는 곳 — 해구(섭입)·습곡 산맥(충돌)</description><styleUrl>#con</styleUrl><LineString><coordinates>-76.483,-52.068 -76.626,-51.377 -76.757,-50.729 -76.99,-49.845 -77.024,-49.192 -76.925,-48.507 -76.65,-47.875 -76.321,-47.478 -75.997,-47.08 -75.958,-46.422 -76.006,-45.659</coordinates></LineString></Placemark>
<Placemark><name>수렴형 경계 — 남극판 · 스코샤판</name><description>두 판이 가까워지는 곳 — 해구(섭입)·습곡 산맥(충돌)</description><styleUrl>#con</styleUrl><LineString><coordinates>-64.617,-57.959 -63.571,-58.359 -62.571,-58.603 -61.04,-59.011 -59.704,-59.453 -58.97,-59.729 -58.223,-59.999 -56.925,-60.565</coordinates></LineString></Placemark>
<Placemark><name>수렴형 경계 — 남극판 · 스코샤판</name><description>두 판이 가까워지는 곳 — 해구(섭입)·습곡 산맥(충돌)</description><styleUrl>#con</styleUrl><LineString><coordinates>-42.067,-60.501 -41.214,-60.975</coordinates></LineString></Placemark>
<Placemark><name>수렴형 경계 — 남극판 · 스코샤판</name><description>두 판이 가까워지는 곳 — 해구(섭입)·습곡 산맥(충돌)</description><styleUrl>#con</styleUrl><LineString><coordinates>-39.827,-60.634 -39.093,-61.018</coordinates></LineString></Placemark>
<Placemark><name>수렴형 경계 — 남극판 · 스코샤판</name><description>두 판이 가까워지는 곳 — 해구(섭입)·습곡 산맥(충돌)</description><styleUrl>#con</styleUrl><LineString><coordinates>-76.483,-52.068 -76.312,-52.929 -76.02,-53.435 -75.72,-53.941 -75.239,-54.294 -74.749,-54.645 -74.12,-55.004 -73.48,-55.359 -72.995,-55.665 -72.277,-55.962 -71.548,-56.255 -70.401,-56.622 -69.256,-56.852 -68.097,-57.072 -67.102,-57.502 -65.867,-57.736 -64.617,-57.959</coordinates></LineString></Placemark>
<Placemark><name>수렴형 경계 — 남극판 · 스코샤판</name><description>두 판이 가까워지는 곳 — 해구(섭입)·습곡 산맥(충돌)</description><styleUrl>#con</styleUrl><LineString><coordinates>-56.925,-60.565 -57.494,-60.855 -58.131,-60.961 -58.891,-61.082 -59.836,-61.177 -60.65,-61.363 -61.332,-61.543 -62.203,-61.841 -63.105,-62.11 -63.969,-62.422</coordinates></LineString></Placemark>
<Placemark><name>수렴형 경계 — 아라비아판 · 아나톨리아판</name><description>두 판이 가까워지는 곳 — 해구(섭입)·습곡 산맥(충돌)</description><styleUrl>#con</styleUrl><LineString><coordinates>36.79,37.398 37.083,37.512 37.682,37.834 38.042,37.994 38.365,38.121 38.856,38.314 39.402,38.497</coordinates></LineString></Placemark>
<Placemark><name>수렴형 경계 — 아라비아판 · 아나톨리아판</name><description>두 판이 가까워지는 곳 — 해구(섭입)·습곡 산맥(충돌)</description><styleUrl>#con</styleUrl><LineString><coordinates>40.163,38.768 40.624,38.857</coordinates></LineString></Placemark>
<Placemark><name>수렴형 경계 — 아라비아판 · 유라시아판</name><description>두 판이 가까워지는 곳 — 해구(섭입)·습곡 산맥(충돌)</description><styleUrl>#con</styleUrl><LineString><coordinates>65.028,24.382 64.161,24.35 63.366,24.285 62.581,24.283 61.955,24.087 61.365,24.122 60.87,24.177 60.374,24.232 59.603,24.311 58.716,24.363 57.832,24.443 57.345,24.788 57.121,25.552 57.057,26.049</coordinates></LineString></Placemark>
<Placemark><name>수렴형 경계 — 아라비아판 · 유라시아판</name><description>두 판이 가까워지는 곳 — 해구(섭입)·습곡 산맥(충돌)</description><styleUrl>#con</styleUrl><LineString><coordinates>56.992,26.545 56.875,27.301 56.423,27.368 55.662,26.947 54.728,26.668 53.86,26.717 53.241,27.121 52.504,27.561 51.912,27.957 51.283,28.487 50.998,29.072</coordinates></LineString></Placemark>
<Placemark><name>수렴형 경계 — 아라비아판 · 유라시아판</name><description>두 판이 가까워지는 곳 — 해구(섭입)·습곡 산맥(충돌)</description><styleUrl>#con</styleUrl><LineString><coordinates>51.057,29.578 50.453,30.103 49.974,30.453 49.492,30.802 49.265,31.212 49.036,31.621 48.489,32.237 48.17,32.308 47.77,32.311 47.411,32.448 46.608,32.887 45.918,33.39 45.505,33.893 45.0,34.591</coordinates></LineString></Placemark>
<Placemark><name>수렴형 경계 — 아라비아판 · 유라시아판</name><description>두 판이 가까워지는 곳 — 해구(섭입)·습곡 산맥(충돌)</description><styleUrl>#con</styleUrl><LineString><coordinates>41.026,38.849 41.236,38.616 41.839,38.355 42.289,38.213 42.797,37.991 43.176,37.685 43.647,37.407 44.02,37.098</coordinates></LineString></Placemark>
<Placemark><name>수렴형 경계 — 아라비아판 · 인도-오스트레일리아판</name><description>두 판이 가까워지는 곳 — 해구(섭입)·습곡 산맥(충돌)</description><styleUrl>#con</styleUrl><LineString><coordinates>60.215,18.24 60.456,18.798 60.712,19.306 60.97,19.813</coordinates></LineString></Placemark>
<Placemark><name>수렴형 경계 — 아라비아판 · 인도-오스트레일리아판</name><description>두 판이 가까워지는 곳 — 해구(섭입)·습곡 산맥(충돌)</description><styleUrl>#con</styleUrl><LineString><coordinates>62.096,21.425 62.132,22.083</coordinates></LineString></Placemark>
<Placemark><name>수렴형 경계 — 아라비아판 · 인도-오스트레일리아판</name><description>두 판이 가까워지는 곳 — 해구(섭입)·습곡 산맥(충돌)</description><styleUrl>#con</styleUrl><LineString><coordinates>60.215,18.24 60.062,17.458 60.02,16.713 59.964,16.142 59.909,15.572</coordinates></LineString></Placemark>
<Placemark><name>수렴형 경계 — 카리브판 · 코코스판</name><description>두 판이 가까워지는 곳 — 해구(섭입)·습곡 산맥(충돌)</description><styleUrl>#con</styleUrl><LineString><coordinates>-90.898,12.584 -90.293,12.543 -89.619,12.295 -88.92,11.999 -88.319,11.697 -87.89,11.397 -87.462,11.096 -86.975,10.547 -86.648,10.235</coordinates></LineString></Placemark>
<Placemark><name>수렴형 경계 — 카리브판 · 코코스판</name><description>두 판이 가까워지는 곳 — 해구(섭입)·습곡 산맥(충돌)</description><styleUrl>#con</styleUrl><LineString><coordinates>-82.875,7.366 -83.074,7.592 -83.233,7.849 -83.36,7.928 -83.605,8.044 -83.838,8.182 -84.007,8.3 -84.158,8.474 -84.419,8.637 -84.686,8.772 -85.044,8.937 -85.381,9.089 -85.612,9.203 -85.91,9.423 -86.204,9.684 -86.449,9.938 -86.648,10.235</coordinates></LineString></Placemark>
<Placemark><name>수렴형 경계 — 카리브판 · 북아메리카판</name><description>두 판이 가까워지는 곳 — 해구(섭입)·습곡 산맥(충돌)</description><styleUrl>#con</styleUrl><LineString><coordinates>-61.553,18.959 -62.176,19.275 -62.847,19.574 -63.36,19.691</coordinates></LineString></Placemark>
<Placemark><name>수렴형 경계 — 카리브판 · 북아메리카판</name><description>두 판이 가까워지는 곳 — 해구(섭입)·습곡 산맥(충돌)</description><styleUrl>#con</styleUrl><LineString><coordinates>-69.978,19.802 -70.627,20.002 -71.277,20.201</coordinates></LineString></Placemark>
<Placemark><name>수렴형 경계 — 카리브판 · 나스카판</name><description>두 판이 가까워지는 곳 — 해구(섭입)·습곡 산맥(충돌)</description><styleUrl>#con</styleUrl><LineString><coordinates>-80.25,7.133 -80.363,7.221 -80.539,7.335 -80.687,7.415</coordinates></LineString></Placemark>
<Placemark><name>수렴형 경계 — 카리브판 · 나스카판</name><description>두 판이 가까워지는 곳 — 해구(섭입)·습곡 산맥(충돌)</description><styleUrl>#con</styleUrl><LineString><coordinates>-82.09,6.967 -82.125,7.008 -82.202,7.041 -82.273,7.129 -82.339,7.251 -82.492,7.296</coordinates></LineString></Placemark>
<Placemark><name>수렴형 경계 — 카리브판 · 나스카판</name><description>두 판이 가까워지는 곳 — 해구(섭입)·습곡 산맥(충돌)</description><styleUrl>#con</styleUrl><LineString><coordinates>-82.748,7.283 -82.811,7.303 -82.875,7.366</coordinates></LineString></Placemark>
<Placemark><name>수렴형 경계 — 카리브판 · 남아메리카판</name><description>두 판이 가까워지는 곳 — 해구(섭입)·습곡 산맥(충돌)</description><styleUrl>#con</styleUrl><LineString><coordinates>-58.157,10.16 -57.762,10.634 -57.533,11.144 -57.424,11.661 -57.468,12.427 -57.568,13.102 -57.711,13.874 -57.791,14.499 -57.913,14.864 -58.288,15.15 -58.526,15.284 -58.666,15.412 -58.692,15.77 -58.801,15.991 -58.824,16.397 -59.088,16.912 -59.465,17.243 -59.819,17.548 -60.051,17.823 -60.278,18.191 -60.534,18.513 -60.729,18.595 -60.912,18.889 -61.553,18.959</coordinates></LineString></Placemark>
<Placemark><name>수렴형 경계 — 카리브판 · 남아메리카판</name><description>두 판이 가까워지는 곳 — 해구(섭입)·습곡 산맥(충돌)</description><styleUrl>#con</styleUrl><LineString><coordinates>-76.684,8.731 -76.701,9.017 -76.706,9.379 -76.703,9.761 -76.594,10.09 -76.456,10.328 -76.275,10.574 -76.064,10.765 -75.905,11.087 -75.631,11.39 -75.37,11.595 -75.123,11.764 -74.796,11.914 -74.476,12.021 -74.307,12.224 -74.058,12.386 -73.874,12.743 -73.632,13.058 -73.303,13.29 -72.916,13.368 -72.428,13.41 -71.84,13.465 -71.195,13.503 -70.952,13.438</coordinates></LineString></Placemark>
<Placemark><name>수렴형 경계 — 카리브판 · 남아메리카판</name><description>두 판이 가까워지는 곳 — 해구(섭입)·습곡 산맥(충돌)</description><styleUrl>#con</styleUrl><LineString><coordinates>-77.707,7.829 -77.534,8.012</coordinates></LineString></Placemark>
<Placemark><name>수렴형 경계 — 카리브판 · 남아메리카판</name><description>두 판이 가까워지는 곳 — 해구(섭입)·습곡 산맥(충돌)</description><styleUrl>#con</styleUrl><LineString><coordinates>-77.149,8.19 -76.906,8.443 -76.684,8.731</coordinates></LineString></Placemark>
<Placemark><name>수렴형 경계 — 코코스판 · 북아메리카판</name><description>두 판이 가까워지는 곳 — 해구(섭입)·습곡 산맥(충돌)</description><styleUrl>#con</styleUrl><LineString><coordinates>-90.898,12.584 -91.308,12.832 -91.719,13.08 -92.063,13.271 -92.272,13.223 -92.599,13.498 -92.962,13.722 -93.309,13.793 -93.656,14.016 -94.055,14.222 -94.542,14.479 -94.873,14.7 -95.117,14.887 -95.466,15.09 -95.799,15.276 -96.219,15.361 -96.727,15.36 -97.217,15.358 -97.691,15.508 -98.166,15.64 -98.588,15.771 -99.028,15.919 -99.435,16.134 -99.806,16.298 -100.336,16.442 -100.867,16.636 -101.703,17.026 -102.432,17.28 -103.2,17.615 -103.792,17.92 -104.191,18.138 -104.406,18.209 -104.725,18.368 -105.043,18.622 -105.247,18.762</coordinates></LineString></Placemark>
<Placemark><name>수렴형 경계 — 코코스판 · 북아메리카판</name><description>두 판이 가까워지는 곳 — 해구(섭입)·습곡 산맥(충돌)</description><styleUrl>#con</styleUrl><LineString><coordinates>-108.582,21.905 -108.397,21.835 -108.114,21.72 -107.928,21.686 -107.774,21.74 -107.586,21.742 -107.393,21.748 -107.171,21.752 -107.046,21.754 -106.89,21.799 -106.862,21.716 -106.808,21.64 -106.757,21.483 -106.624,21.311 -106.551,21.236 -106.525,21.184 -106.442,21.121 -106.381,20.84 -106.387,20.638 -106.385,20.428 -106.352,20.203 -106.271,19.916 -106.121,19.644 -105.949,19.402 -105.739,19.164 -105.546,18.981 -105.247,18.762</coordinates></LineString></Placemark>
<Placemark><name>수렴형 경계 — 유라시아판 · 인도-오스트레일리아판</name><description>두 판이 가까워지는 곳 — 해구(섭입)·습곡 산맥(충돌)</description><styleUrl>#con</styleUrl><LineString><coordinates>126.872,2.346 126.426,1.706</coordinates></LineString></Placemark>
<Placemark><name>수렴형 경계 — 유라시아판 · 인도-오스트레일리아판</name><description>두 판이 가까워지는 곳 — 해구(섭입)·습곡 산맥(충돌)</description><styleUrl>#con</styleUrl><LineString><coordinates>119.565,-3.966 119.953,-4.303</coordinates></LineString></Placemark>
<Placemark><name>수렴형 경계 — 유라시아판 · 인도-오스트레일리아판</name><description>두 판이 가까워지는 곳 — 해구(섭입)·습곡 산맥(충돌)</description><styleUrl>#con</styleUrl><LineString><coordinates>120.341,-4.64 120.516,-5.276 120.62,-6.122</coordinates></LineString></Placemark>
<Placemark><name>수렴형 경계 — 유라시아판 · 인도-오스트레일리아판</name><description>두 판이 가까워지는 곳 — 해구(섭입)·습곡 산맥(충돌)</description><styleUrl>#con</styleUrl><LineString><coordinates>119.475,-0.081 119.296,-0.68 119.045,-1.491 118.884,-1.95 118.723,-2.408 118.578,-3.255 118.823,-3.61</coordinates></LineString></Placemark>
<Placemark><name>수렴형 경계 — 유라시아판 · 인도-오스트레일리아판</name><description>두 판이 가까워지는 곳 — 해구(섭입)·습곡 산맥(충돌)</description><styleUrl>#con</styleUrl><LineString><coordinates>94.979,2.104 95.542,1.882 96.089,1.487 96.202,1.345</coordinates></LineString></Placemark>
<Placemark><name>수렴형 경계 — 유라시아판 · 인도-오스트레일리아판</name><description>두 판이 가까워지는 곳 — 해구(섭입)·습곡 산맥(충돌)</description><styleUrl>#con</styleUrl><LineString><coordinates>92.278,6.948 92.376,6.333 92.537,5.702 92.665,5.005 92.903,4.384 93.227,3.716 93.754,3.048 94.405,2.457 94.979,2.104</coordinates></LineString></Placemark>
<Placemark><name>수렴형 경계 — 유라시아판 · 인도-오스트레일리아판</name><description>두 판이 가까워지는 곳 — 해구(섭입)·습곡 산맥(충돌)</description><styleUrl>#con</styleUrl><LineString><coordinates>65.028,24.382 65.492,24.62 65.958,24.856 66.53,25.179 67.104,25.499</coordinates></LineString></Placemark>
<Placemark><name>수렴형 경계 — 유라시아판 · 인도-오스트레일리아판</name><description>두 판이 가까워지는 곳 — 해구(섭입)·습곡 산맥(충돌)</description><styleUrl>#con</styleUrl><LineString><coordinates>67.301,29.795 67.849,30.073 68.311,29.878 68.679,29.209 69.086,29.096 69.881,29.262</coordinates></LineString></Placemark>
<Placemark><name>수렴형 경계 — 유라시아판 · 인도-오스트레일리아판</name><description>두 판이 가까워지는 곳 — 해구(섭입)·습곡 산맥(충돌)</description><styleUrl>#con</styleUrl><LineString><coordinates>69.942,31.913 70.439,32.431 70.942,32.947 71.392,33.477 71.847,34.005 72.459,34.682 73.03,34.176 73.593,33.667 74.314,33.159 75.089,32.881 75.675,32.189</coordinates></LineString></Placemark>
<Placemark><name>수렴형 경계 — 유라시아판 · 인도-오스트레일리아판</name><description>두 판이 가까워지는 곳 — 해구(섭입)·습곡 산맥(충돌)</description><styleUrl>#con</styleUrl><LineString><coordinates>75.722,31.633 76.521,31.154 77.007,30.738 77.641,30.558 78.076,30.226 78.422,29.887 78.912,29.678 79.197,29.393 79.79,29.143 80.227,29.093 80.547,28.975 81.043,28.79 81.361,28.413 82.2,28.167 82.935,27.882 83.667,27.593 84.159,27.452 84.649,27.309 85.622,27.17 86.252,27.095 86.481,26.737 86.82,26.668 87.219,27.022 87.745,26.909 88.32,26.885 89.282,27.027 89.772,26.847 90.329,26.937 91.258,27.007 91.781,27.033 92.305,27.056 93.233,27.117 93.57,27.11 94.189,27.501 94.829,27.918 95.466,28.183 96.234,28.135 96.792,28.11 97.348,28.083</coordinates></LineString></Placemark>
<Placemark><name>수렴형 경계 — 유라시아판 · 인도-오스트레일리아판</name><description>두 판이 가까워지는 곳 — 해구(섭입)·습곡 산맥(충돌)</description><styleUrl>#con</styleUrl><LineString><coordinates>92.068,13.715 92.517,14.384</coordinates></LineString></Placemark>
<Placemark><name>수렴형 경계 — 유라시아판 · 인도-오스트레일리아판</name><description>두 판이 가까워지는 곳 — 해구(섭입)·습곡 산맥(충돌)</description><styleUrl>#con</styleUrl><LineString><coordinates>96.47,16.644 96.466,17.435 96.421,17.982 96.341,18.705 96.225,19.412 96.016,20.04 95.943,20.9 95.918,21.681</coordinates></LineString></Placemark>
<Placemark><name>수렴형 경계 — 유라시아판 · 인도-오스트레일리아판</name><description>두 판이 가까워지는 곳 — 해구(섭입)·습곡 산맥(충돌)</description><styleUrl>#con</styleUrl><LineString><coordinates>97.471,27.702 97.348,28.083</coordinates></LineString></Placemark>
<Placemark><name>수렴형 경계 — 유라시아판 · 인도-오스트레일리아판</name><description>두 판이 가까워지는 곳 — 해구(섭입)·습곡 산맥(충돌)</description><styleUrl>#con</styleUrl><LineString><coordinates>92.278,6.948 91.903,7.663 91.781,8.16 91.651,8.656 91.596,9.13 91.533,9.604 91.559,10.056 91.576,10.514 91.591,11.3 91.643,11.792 91.7,12.283 91.889,13.154 92.068,13.715</coordinates></LineString></Placemark>
<Placemark><name>수렴형 경계 — 유라시아판 · 인도-오스트레일리아판</name><description>두 판이 가까워지는 곳 — 해구(섭입)·습곡 산맥(충돌)</description><styleUrl>#con</styleUrl><LineString><coordinates>123.43,2.006 123.219,2.024 122.48,2.377 121.669,2.309 120.824,2.311 120.189,2.208 119.696,2.033 119.306,1.577 119.249,0.714</coordinates></LineString></Placemark>
<Placemark><name>수렴형 경계 — 유라시아판 · 인도-오스트레일리아판</name><description>두 판이 가까워지는 곳 — 해구(섭입)·습곡 산맥(충돌)</description><styleUrl>#con</styleUrl><LineString><coordinates>125.969,0.19 125.616,-0.128 125.263,-0.446</coordinates></LineString></Placemark>
<Placemark><name>수렴형 경계 — 유라시아판 · 인도-오스트레일리아판</name><description>두 판이 가까워지는 곳 — 해구(섭입)·습곡 산맥(충돌)</description><styleUrl>#con</styleUrl><LineString><coordinates>126.426,1.706 126.144,1.001 125.969,0.19</coordinates></LineString></Placemark>
<Placemark><name>수렴형 경계 — 유라시아판 · 인도-오스트레일리아판</name><description>두 판이 가까워지는 곳 — 해구(섭입)·습곡 산맥(충돌)</description><styleUrl>#con</styleUrl><LineString><coordinates>126.872,2.346 127.446,2.319 128.081,2.29</coordinates></LineString></Placemark>
<Placemark><name>수렴형 경계 — 유라시아판 · 인도-오스트레일리아판</name><description>두 판이 가까워지는 곳 — 해구(섭입)·습곡 산맥(충돌)</description><styleUrl>#con</styleUrl><LineString><coordinates>104.576,-8.167 104.981,-8.569 105.59,-8.926 106.123,-9.24 106.345,-9.371 106.827,-9.665 107.379,-9.89 107.836,-10.053 108.363,-10.178 109.067,-10.328 109.626,-10.371 110.159,-10.44 110.615,-10.477 111.015,-10.477 111.523,-10.577 112.17,-10.652 112.563,-10.758 113.204,-10.87 113.756,-10.964 114.41,-11.088 115.013,-11.151 115.571,-11.219 116.174,-11.275 116.853,-11.331 117.576,-11.337 118.236,-11.387 118.75,-11.362 119.27,-11.393 119.841,-11.462 120.451,-11.524 120.886,-11.493</coordinates></LineString></Placemark>
<Placemark><name>수렴형 경계 — 유라시아판 · 인도-오스트레일리아판</name><description>두 판이 가까워지는 곳 — 해구(섭입)·습곡 산맥(충돌)</description><styleUrl>#con</styleUrl><LineString><coordinates>96.202,1.345 96.38,1.123 96.67,0.759 97.011,0.116 97.372,-0.547 97.77,-1.247 98.035,-1.634 98.301,-2.021 98.874,-2.665 99.37,-3.312 99.675,-3.729 99.98,-4.145 100.359,-4.656 100.791,-5.305 101.346,-5.983 101.858,-6.558 102.452,-7.197 103.183,-7.621 103.763,-7.863 104.576,-8.167</coordinates></LineString></Placemark>
<Placemark><name>수렴형 경계 — 유라시아판 · 북아메리카판</name><description>두 판이 가까워지는 곳 — 해구(섭입)·습곡 산맥(충돌)</description><styleUrl>#con</styleUrl><LineString><coordinates>142.409,54.035 142.849,53.384 142.784,53.042 142.692,52.542 142.541,51.7 142.398,50.857 142.521,50.318 142.641,49.778 142.761,49.241 142.878,48.704 142.023,48.051 141.178,47.392 140.553,46.956 139.938,46.516 139.37,46.224 139.158,45.947 139.038,45.412 138.85,44.811 138.577,44.295 138.563,43.939 138.801,43.192 138.811,42.766 138.824,41.995 138.743,41.769 138.489,41.482 138.475,41.103 138.756,40.782 138.655,40.474 138.655,40.072 138.352,39.832 138.085,39.659 137.845,39.404 137.774,38.982 137.848,38.485 137.889,37.856 137.902,37.184 137.854,36.6 137.894,36.311 138.121,36.027 138.259,35.734 138.421,35.36 138.674,35.034</coordinates></LineString></Placemark>
<Placemark><name>수렴형 경계 — 유라시아판 · 필리핀판</name><description>두 판이 가까워지는 곳 — 해구(섭입)·습곡 산맥(충돌)</description><styleUrl>#con</styleUrl><LineString><coordinates>132.824,30.754 132.965,30.97 133.197,31.216 133.5,31.515 134.042,31.882 134.691,32.2 135.026,32.326 135.356,32.46 135.612,32.537 136.025,32.686 136.524,32.868 137.03,33.053 137.546,33.405 138.066,33.75 138.383,34.059 138.508,34.582 138.674,35.034</coordinates></LineString></Placemark>
<Placemark><name>수렴형 경계 — 유라시아판 · 필리핀판</name><description>두 판이 가까워지는 곳 — 해구(섭입)·습곡 산맥(충돌)</description><styleUrl>#con</styleUrl><LineString><coordinates>122.501,23.643 123.01,23.469 123.518,23.454 124.026,23.438 124.534,23.42 125.042,23.401 125.55,23.38</coordinates></LineString></Placemark>
<Placemark><name>수렴형 경계 — 유라시아판 · 필리핀판</name><description>두 판이 가까워지는 곳 — 해구(섭입)·습곡 산맥(충돌)</description><styleUrl>#con</styleUrl><LineString><coordinates>128.462,25.458 128.978,25.859 129.36,26.191 129.785,26.671 130.211,27.213 130.523,27.709 130.649,28.136 131.097,28.318 131.309,28.451 131.467,28.751 131.524,28.859 131.628,28.987 131.76,29.392 132.073,29.818 132.402,30.215 132.63,30.493 132.824,30.754</coordinates></LineString></Placemark>
<Placemark><name>수렴형 경계 — 유라시아판 · 필리핀판</name><description>두 판이 가까워지는 곳 — 해구(섭입)·습곡 산맥(충돌)</description><styleUrl>#con</styleUrl><LineString><coordinates>125.55,23.38 125.954,23.498 126.426,23.761 126.901,24.101 127.398,24.503 127.907,24.969 128.462,25.458</coordinates></LineString></Placemark>
<Placemark><name>수렴형 경계 — 유라시아판 · 필리핀판</name><description>두 판이 가까워지는 곳 — 해구(섭입)·습곡 산맥(충돌)</description><styleUrl>#con</styleUrl><LineString><coordinates>121.335,24.963 120.981,24.654 120.546,23.979 120.36,23.198 120.394,22.581 120.425,22.043 120.452,21.632 120.344,21.202 120.29,20.631 120.502,20.255 120.441,19.937 120.115,19.487 119.795,18.878 119.279,18.201 119.161,17.629 119.248,16.84 119.255,16.556</coordinates></LineString></Placemark>
<Placemark><name>수렴형 경계 — 유라시아판 · 필리핀판</name><description>두 판이 가까워지는 곳 — 해구(섭입)·습곡 산맥(충돌)</description><styleUrl>#con</styleUrl><LineString><coordinates>124.891,14.704 125.15,14.132 125.494,13.306 125.686,12.818 126.137,12.265 126.24,11.63 126.214,11.06 126.573,10.296 126.824,9.449 127.053,8.75 127.219,8.136 127.234,7.292 127.25,6.447 127.459,5.897 127.498,5.474 127.836,5.224 128.151,4.763 128.387,4.335 128.684,3.7 128.998,3.114 129.217,2.671 129.246,1.928 129.197,1.059</coordinates></LineString></Placemark>
<Placemark><name>수렴형 경계 — 인도-오스트레일리아판 · 태평양판</name><description>두 판이 가까워지는 곳 — 해구(섭입)·습곡 산맥(충돌)</description><styleUrl>#con</styleUrl><LineString><coordinates>170.995,-42.932 171.277,-42.743</coordinates></LineString></Placemark>
<Placemark><name>수렴형 경계 — 인도-오스트레일리아판 · 태평양판</name><description>두 판이 가까워지는 곳 — 해구(섭입)·습곡 산맥(충돌)</description><styleUrl>#con</styleUrl><LineString><coordinates>166.951,-44.987 167.1,-44.826 167.368,-44.648 167.688,-44.466 168.081,-44.33 168.488,-44.166 168.77,-44.021</coordinates></LineString></Placemark>
<Placemark><name>수렴형 경계 — 인도-오스트레일리아판 · 태평양판</name><description>두 판이 가까워지는 곳 — 해구(섭입)·습곡 산맥(충돌)</description><styleUrl>#con</styleUrl><LineString><coordinates>138.793,-1.159 138.674,-0.82 138.054,-0.718 137.435,-0.616 136.943,-0.422 136.451,-0.228 135.656,-0.023 134.938,0.421 134.471,0.259 133.899,0.057 133.327,-0.146 132.824,-0.043 132.515,0.017</coordinates></LineString></Placemark>
<Placemark><name>수렴형 경계 — 인도-오스트레일리아판 · 태평양판</name><description>두 판이 가까워지는 곳 — 해구(섭입)·습곡 산맥(충돌)</description><styleUrl>#con</styleUrl><LineString><coordinates>142.246,-2.693 142.394,-2.462 142.626,-1.916 142.922,-1.454 143.26,-1.16 143.808,-0.951 144.357,-0.742 145.033,-0.534 145.497,-0.473 145.919,-0.349 146.595,-0.29 147.059,-0.294 147.354,-0.275 147.859,-0.426 148.344,-0.409 148.724,-0.392 148.913,-0.457 149.27,-0.65</coordinates></LineString></Placemark>
<Placemark><name>수렴형 경계 — 인도-오스트레일리아판 · 태평양판</name><description>두 판이 가까워지는 곳 — 해구(섭입)·습곡 산맥(충돌)</description><styleUrl>#con</styleUrl><LineString><coordinates>138.793,-1.159 139.257,-1.39 139.805,-1.557 140.226,-1.767 140.837,-1.893 141.195,-2.167 141.594,-2.272 141.868,-2.398 142.246,-2.693</coordinates></LineString></Placemark>
<Placemark><name>수렴형 경계 — 인도-오스트레일리아판 · 태평양판</name><description>두 판이 가까워지는 곳 — 해구(섭입)·습곡 산맥(충돌)</description><styleUrl>#con</styleUrl><LineString><coordinates>-177.746,-14.646 -178.24,-14.317 -178.733,-13.986</coordinates></LineString></Placemark>
<Placemark><name>수렴형 경계 — 인도-오스트레일리아판 · 태평양판</name><description>두 판이 가까워지는 곳 — 해구(섭입)·습곡 산맥(충돌)</description><styleUrl>#con</styleUrl><LineString><coordinates>175.503,-42.059 176.081,-41.91 176.673,-41.756 177.123,-41.657 177.607,-41.5 178.015,-41.188 178.284,-40.807 178.566,-40.424 178.792,-40.087 178.95,-39.685 179.125,-39.23 179.215,-38.889 179.366,-38.538 179.569,-38.204 179.838,-37.476</coordinates></LineString></Placemark>
<Placemark><name>수렴형 경계 — 인도-오스트레일리아판 · 태평양판</name><description>두 판이 가까워지는 곳 — 해구(섭입)·습곡 산맥(충돌)</description><styleUrl>#con</styleUrl><LineString><coordinates>-179.811,-36.793 -179.371,-36.179 -179.044,-35.542 -178.641,-35.022 -178.539,-34.706 -178.413,-34.485 -178.294,-34.241 -178.208,-33.846 -177.981,-33.579 -177.81,-33.191 -177.666,-32.696 -177.649,-32.203 -177.538,-31.957 -177.301,-31.793 -177.108,-31.452 -176.919,-31.037 -176.69,-30.678 -176.547,-30.322 -176.339,-29.881 -176.153,-29.469 -176.078,-29.065 -175.995,-28.697 -175.885,-28.264 -175.785,-27.784 -175.545,-27.318 -175.4,-26.857 -175.423,-26.437 -175.415,-26.025 -175.382,-25.729 -175.297,-25.426 -175.261,-25.142 -175.229,-24.836 -175.209,-24.472 -175.102,-24.07 -174.985,-23.75</coordinates></LineString></Placemark>
<Placemark><name>수렴형 경계 — 인도-오스트레일리아판 · 태평양판</name><description>두 판이 가까워지는 곳 — 해구(섭입)·습곡 산맥(충돌)</description><styleUrl>#con</styleUrl><LineString><coordinates>168.159,-13.515 167.157,-13.649 166.154,-13.779</coordinates></LineString></Placemark>
<Placemark><name>수렴형 경계 — 인도-오스트레일리아판 · 태평양판</name><description>두 판이 가까워지는 곳 — 해구(섭입)·습곡 산맥(충돌)</description><styleUrl>#con</styleUrl><LineString><coordinates>159.803,-60.006 160.327,-60.504 160.74,-61.053 161.129,-61.384 161.228,-61.457</coordinates></LineString></Placemark>
<Placemark><name>수렴형 경계 — 인도-오스트레일리아판 · 태평양판</name><description>두 판이 가까워지는 곳 — 해구(섭입)·습곡 산맥(충돌)</description><styleUrl>#con</styleUrl><LineString><coordinates>163.047,-50.273 162.963,-50.369</coordinates></LineString></Placemark>
<Placemark><name>수렴형 경계 — 인도-오스트레일리아판 · 태평양판</name><description>두 판이 가까워지는 곳 — 해구(섭입)·습곡 산맥(충돌)</description><styleUrl>#con</styleUrl><LineString><coordinates>159.216,-53.619 159.142,-53.812</coordinates></LineString></Placemark>
<Placemark><name>수렴형 경계 — 인도-오스트레일리아판 · 태평양판</name><description>두 판이 가까워지는 곳 — 해구(섭입)·습곡 산맥(충돌)</description><styleUrl>#con</styleUrl><LineString><coordinates>158.674,-54.689 158.618,-54.928 158.596,-55.047 158.54,-55.272 158.465,-55.522</coordinates></LineString></Placemark>
<Placemark><name>수렴형 경계 — 인도-오스트레일리아판 · 태평양판</name><description>두 판이 가까워지는 곳 — 해구(섭입)·습곡 산맥(충돌)</description><styleUrl>#con</styleUrl><LineString><coordinates>157.615,-57.474 157.62,-57.784 157.751,-58.068 157.92,-58.334 158.121,-58.605 158.267,-58.779 158.385,-58.858 158.65,-59.07 158.972,-59.305 159.186,-59.511 159.413,-59.732 159.691,-59.939 159.803,-60.006</coordinates></LineString></Placemark>
<Placemark><name>수렴형 경계 — 인도-오스트레일리아판 · 태평양판</name><description>두 판이 가까워지는 곳 — 해구(섭입)·습곡 산맥(충돌)</description><styleUrl>#con</styleUrl><LineString><coordinates>175.947,-13.422 176.021,-13.643</coordinates></LineString></Placemark>
<Placemark><name>수렴형 경계 — 인도-오스트레일리아판 · 태평양판</name><description>두 판이 가까워지는 곳 — 해구(섭입)·습곡 산맥(충돌)</description><styleUrl>#con</styleUrl><LineString><coordinates>149.27,-0.65 149.481,-0.818 149.769,-1.005 150.023,-1.021 150.344,-1.123 150.717,-1.224 151.089,-1.308 151.427,-1.46 151.816,-1.646 152.155,-1.865 152.578,-2.134 152.916,-2.15 153.119,-2.2 153.39,-2.436 153.542,-2.604 153.711,-2.688 153.882,-3.041 154.035,-3.327 154.256,-3.612</coordinates></LineString></Placemark>
<Placemark><name>수렴형 경계 — 인도-오스트레일리아판 · 태평양판</name><description>두 판이 가까워지는 곳 — 해구(섭입)·습곡 산맥(충돌)</description><styleUrl>#con</styleUrl><LineString><coordinates>154.359,-3.948 154.7,-4.283 154.955,-4.55</coordinates></LineString></Placemark>
<Placemark><name>수렴형 경계 — 인도-오스트레일리아판 · 태평양판</name><description>두 판이 가까워지는 곳 — 해구(섭입)·습곡 산맥(충돌)</description><styleUrl>#con</styleUrl><LineString><coordinates>154.533,-6.423 154.73,-6.858 154.927,-7.293</coordinates></LineString></Placemark>
<Placemark><name>수렴형 경계 — 인도-오스트레일리아판 · 태평양판</name><description>두 판이 가까워지는 곳 — 해구(섭입)·습곡 산맥(충돌)</description><styleUrl>#con</styleUrl><LineString><coordinates>156.296,-8.174 156.467,-8.382 156.706,-8.563 156.782,-8.602 156.858,-8.615 156.935,-8.642 157.049,-8.706 157.177,-8.746 157.241,-8.784 157.317,-8.823 157.419,-8.9 157.572,-8.965 157.648,-9.004 157.724,-9.068 157.827,-9.107 157.916,-9.159 157.992,-9.21 158.056,-9.249 158.145,-9.313 158.273,-9.39 158.388,-9.442 158.478,-9.481 158.58,-9.507 158.709,-9.546 158.773,-9.559 158.85,-9.585 158.926,-9.624 159.003,-9.65 159.068,-9.688 159.119,-9.726 159.17,-9.765 159.221,-9.829 159.285,-9.88 159.362,-9.931 159.439,-9.969 159.503,-10.021 159.58,-10.084 159.644,-10.123 159.708,-10.174 159.772,-10.2 159.837,-10.251 159.914,-10.276 159.978,-10.315 160.068,-10.379 160.132,-10.417 160.21,-10.468 160.287,-10.519 160.364,-10.57 160.493,-10.634 160.544,-10.672 160.622,-10.723 160.725,-10.787 160.776,-10.838 160.867,-10.914 160.931,-10.965 160.996,-11.029 161.06,-11.054 161.125,-11.13 161.202,-11.168 161.306,-11.194 161.384,-11.232 161.461,-11.245 161.552,-11.283 161.72,-11.321 161.798,-11.359 161.901,-11.397 162.018,-11.422 162.109,-11.434 162.225,-11.422 162.354,-11.421 162.484,-11.421</coordinates></LineString></Placemark>
<Placemark><name>수렴형 경계 — 인도-오스트레일리아판 · 태평양판</name><description>두 판이 가까워지는 곳 — 해구(섭입)·습곡 산맥(충돌)</description><styleUrl>#con</styleUrl><LineString><coordinates>162.626,-11.382 162.833,-11.356 163.053,-11.311 163.195,-11.291</coordinates></LineString></Placemark>
<Placemark><name>수렴형 경계 — 인도-오스트레일리아판 · 태평양판</name><description>두 판이 가까워지는 곳 — 해구(섭입)·습곡 산맥(충돌)</description><styleUrl>#con</styleUrl><LineString><coordinates>163.311,-11.265 163.505,-11.238</coordinates></LineString></Placemark>
<Placemark><name>수렴형 경계 — 인도-오스트레일리아판 · 태평양판</name><description>두 판이 가까워지는 곳 — 해구(섭입)·습곡 산맥(충돌)</description><styleUrl>#con</styleUrl><LineString><coordinates>163.699,-11.199 163.854,-11.185 163.996,-11.158 164.151,-11.144</coordinates></LineString></Placemark>
<Placemark><name>수렴형 경계 — 인도-오스트레일리아판 · 태평양판</name><description>두 판이 가까워지는 곳 — 해구(섭입)·습곡 산맥(충돌)</description><styleUrl>#con</styleUrl><LineString><coordinates>164.267,-11.118 164.409,-11.091 164.512,-11.09 164.641,-11.114 164.758,-11.164 164.901,-11.2 165.07,-11.287 165.252,-11.411 165.396,-11.549 165.514,-11.686 165.621,-11.887 165.715,-12.127 165.77,-12.316 165.838,-12.517 165.894,-12.744 165.909,-12.87 165.952,-13.072 166.02,-13.261 166.09,-13.513 166.132,-13.676 166.154,-13.779</coordinates></LineString></Placemark>
<Placemark><name>수렴형 경계 — 인도-오스트레일리아판 · 태평양판</name><description>두 판이 가까워지는 곳 — 해구(섭입)·습곡 산맥(충돌)</description><styleUrl>#con</styleUrl><LineString><coordinates>166.951,-44.987 166.71,-45.211 166.537,-45.35 166.377,-45.515 166.205,-45.736 166.019,-45.887 165.92,-45.958 165.733,-46.065 165.427,-46.19 165.168,-46.405 165.021,-46.601 164.943,-46.783 164.923,-47.011 164.838,-47.148 164.739,-47.256 164.699,-47.444 164.651,-47.521 164.528,-47.658 164.48,-47.759 164.483,-47.92 164.398,-48.059 164.389,-48.202 164.309,-48.274 164.287,-48.429 164.215,-48.592 164.13,-48.742 163.964,-48.917 163.868,-49.116 163.74,-49.322 163.545,-49.573 163.448,-49.761 163.412,-49.847 163.296,-49.985 163.235,-50.079</coordinates></LineString></Placemark>
<Placemark><name>수렴형 경계 — 인도-오스트레일리아판 · 태평양판</name><description>두 판이 가까워지는 곳 — 해구(섭입)·습곡 산맥(충돌)</description><styleUrl>#con</styleUrl><LineString><coordinates>154.927,-7.293 155.454,-7.489 155.812,-7.706 156.047,-7.884 156.296,-8.174</coordinates></LineString></Placemark>
<Placemark><name>수렴형 경계 — 인도-오스트레일리아판 · 태평양판</name><description>두 판이 가까워지는 곳 — 해구(섭입)·습곡 산맥(충돌)</description><styleUrl>#con</styleUrl><LineString><coordinates>-174.985,-23.75 -174.842,-23.513 -174.663,-23.221 -174.489,-22.906 -174.323,-22.617 -174.139,-22.29 -173.952,-21.915 -173.818,-21.526 -173.703,-21.248 -173.551,-20.893 -173.403,-20.586 -173.218,-20.204 -173.053,-19.779 -172.97,-19.461 -172.874,-19.071 -172.786,-18.777 -172.698,-18.483 -172.591,-18.152 -172.54,-17.935 -172.445,-17.677 -172.374,-17.271 -172.335,-16.963 -172.311,-16.716 -172.307,-16.332 -172.3,-16.041 -172.331,-15.732 -172.355,-15.561 -172.428,-15.373 -172.602,-15.151 -172.774,-15.033 -172.939,-14.867 -173.13,-14.785 -173.273,-14.697 -173.407,-14.584</coordinates></LineString></Placemark>
<Placemark><name>수렴형 경계 — 인도-오스트레일리아판 · 필리핀판</name><description>두 판이 가까워지는 곳 — 해구(섭입)·습곡 산맥(충돌)</description><styleUrl>#con</styleUrl><LineString><coordinates>132.515,0.017 132.373,0.034 131.738,0.15 131.102,0.266 130.546,0.475 129.989,0.684 129.197,1.059</coordinates></LineString></Placemark>
<Placemark><name>수렴형 경계 — 인도-오스트레일리아판 · 소말리아판</name><description>두 판이 가까워지는 곳 — 해구(섭입)·습곡 산맥(충돌)</description><styleUrl>#con</styleUrl><LineString><coordinates>58.43,8.863 58.251,8.647</coordinates></LineString></Placemark>
<Placemark><name>수렴형 경계 — 인도-오스트레일리아판 · 소말리아판</name><description>두 판이 가까워지는 곳 — 해구(섭입)·습곡 산맥(충돌)</description><styleUrl>#con</styleUrl><LineString><coordinates>59.309,7.768 59.22,7.673</coordinates></LineString></Placemark>
<Placemark><name>수렴형 경계 — 인도-오스트레일리아판 · 소말리아판</name><description>두 판이 가까워지는 곳 — 해구(섭입)·습곡 산맥(충돌)</description><styleUrl>#con</styleUrl><LineString><coordinates>57.639,13.138 57.733,13.309 57.81,13.451</coordinates></LineString></Placemark>
<Placemark><name>수렴형 경계 — 인도-오스트레일리아판 · 소말리아판</name><description>두 판이 가까워지는 곳 — 해구(섭입)·습곡 산맥(충돌)</description><styleUrl>#con</styleUrl><LineString><coordinates>56.969,13.937 57.037,14.068</coordinates></LineString></Placemark>
<Placemark><name>수렴형 경계 — 인도-오스트레일리아판 · 소말리아판</name><description>두 판이 가까워지는 곳 — 해구(섭입)·습곡 산맥(충돌)</description><styleUrl>#con</styleUrl><LineString><coordinates>56.762,14.208 56.819,14.302</coordinates></LineString></Placemark>
<Placemark><name>수렴형 경계 — 후안데푸카판 · 북아메리카판</name><description>두 판이 가까워지는 곳 — 해구(섭입)·습곡 산맥(충돌)</description><styleUrl>#con</styleUrl><LineString><coordinates>-124.742,40.313 -124.953,40.633 -124.933,40.884 -125.089,41.135 -125.182,41.38 -125.309,41.652 -125.281,41.818 -125.313,41.986 -125.331,42.142 -125.29,42.285 -125.209,42.359 -125.198,42.492 -125.268,42.561 -125.289,42.862 -125.289,43.051 -125.343,43.143 -125.394,43.267 -125.474,43.426 -125.48,43.737 -125.45,43.925 -125.429,44.002 -125.362,44.066 -125.372,44.323 -125.372,44.523 -125.376,44.667 -125.434,44.725 -125.437,44.881 -125.435,45.104 -125.517,45.474 -125.655,45.946 -125.773,46.295 -125.876,46.643 -125.998,46.97 -126.085,47.35 -126.37,47.748 -126.486,47.996 -126.733,48.291 -127.018,48.565 -127.378,48.75 -127.608,48.877 -127.818,49.08 -127.852,49.491 -128.029,49.781 -128.283,49.885 -128.414,50.086 -128.719,50.31 -129.01,50.479 -129.46,50.647 -129.738,50.836 -129.982,51.101 -130.212,51.278 -130.548,51.398 -130.85,51.612</coordinates></LineString></Placemark>
<Placemark><name>수렴형 경계 — 북아메리카판 · 태평양판</name><description>두 판이 가까워지는 곳 — 해구(섭입)·습곡 산맥(충돌)</description><styleUrl>#con</styleUrl><LineString><coordinates>-145.756,59.273 -144.977,59.576 -144.316,59.918 -143.332,60.206 -142.405,60.465 -141.598,60.401 -141.074,60.31 -140.128,60.381 -139.396,60.09 -138.86,59.762 -138.353,59.336 -137.819,58.925 -137.107,58.438</coordinates></LineString></Placemark>
<Placemark><name>수렴형 경계 — 북아메리카판 · 태평양판</name><description>두 판이 가까워지는 곳 — 해구(섭입)·습곡 산맥(충돌)</description><styleUrl>#con</styleUrl><LineString><coordinates>-132.714,53.127 -132.169,52.697 -131.592,52.259</coordinates></LineString></Placemark>
<Placemark><name>수렴형 경계 — 북아메리카판 · 태평양판</name><description>두 판이 가까워지는 곳 — 해구(섭입)·습곡 산맥(충돌)</description><styleUrl>#con</styleUrl><LineString><coordinates>-131.177,51.886 -130.85,51.612</coordinates></LineString></Placemark>
<Placemark><name>수렴형 경계 — 북아메리카판 · 태평양판</name><description>두 판이 가까워지는 곳 — 해구(섭입)·습곡 산맥(충돌)</description><styleUrl>#con</styleUrl><LineString><coordinates>-124.742,40.313 -124.416,40.311</coordinates></LineString></Placemark>
<Placemark><name>수렴형 경계 — 북아메리카판 · 태평양판</name><description>두 판이 가까워지는 곳 — 해구(섭입)·습곡 산맥(충돌)</description><styleUrl>#con</styleUrl><LineString><coordinates>-119.329,34.981 -118.912,34.837 -118.4,34.658 -118.072,34.564 -117.746,34.441 -117.507,34.35 -117.159,34.181 -116.66,34.042</coordinates></LineString></Placemark>
<Placemark><name>수렴형 경계 — 북아메리카판 · 태평양판</name><description>두 판이 가까워지는 곳 — 해구(섭입)·습곡 산맥(충돌)</description><styleUrl>#con</styleUrl><LineString><coordinates>164.066,55.209 164.847,54.957 165.771,54.588</coordinates></LineString></Placemark>
<Placemark><name>수렴형 경계 — 북아메리카판 · 태평양판</name><description>두 판이 가까워지는 곳 — 해구(섭입)·습곡 산맥(충돌)</description><styleUrl>#con</styleUrl><LineString><coordinates>166.407,54.237 167.413,53.906 168.188,53.569</coordinates></LineString></Placemark>
<Placemark><name>수렴형 경계 — 북아메리카판 · 태평양판</name><description>두 판이 가까워지는 곳 — 해구(섭입)·습곡 산맥(충돌)</description><styleUrl>#con</styleUrl><LineString><coordinates>168.836,53.208 169.752,52.855 170.7,52.498 171.847,52.026 172.964,51.684 174.219,51.403 175.571,51.108 176.72,50.896 177.68,50.698 178.498,50.619 179.688,50.506</coordinates></LineString></Placemark>
<Placemark><name>수렴형 경계 — 북아메리카판 · 태평양판</name><description>두 판이 가까워지는 곳 — 해구(섭입)·습곡 산맥(충돌)</description><styleUrl>#con</styleUrl><LineString><coordinates>-179.202,50.496 -178.48,50.49 -177.758,50.484 -177.088,50.496 -176.223,50.588 -175.629,50.745 -174.907,50.826 -174.119,50.896 -173.328,50.964 -172.484,51.069 -171.634,51.171 -170.897,51.306 -170.159,51.439 -169.378,51.632 -168.972,51.74 -167.99,52.001 -166.819,52.257 -166.108,52.453 -165.39,52.644 -164.665,52.818 -163.934,52.988 -163.177,53.18 -162.413,53.367 -161.664,53.496 -160.91,53.621 -160.129,53.741 -159.344,53.855 -157.986,54.101 -157.067,54.318 -156.138,54.527 -155.239,54.785 -154.16,55.239 -153.164,55.61 -152.227,56.058 -151.218,56.309 -150.547,56.499 -150.081,56.623 -149.22,56.925 -148.257,57.347 -147.449,57.832 -146.759,58.352 -146.264,58.814 -145.756,59.273</coordinates></LineString></Placemark>
<Placemark><name>수렴형 경계 — 북아메리카판 · 태평양판</name><description>두 판이 가까워지는 곳 — 해구(섭입)·습곡 산맥(충돌)</description><styleUrl>#con</styleUrl><LineString><coordinates>144.454,40.847 145.077,41.319 145.71,41.788 146.198,42.076 146.69,42.362 147.345,42.685 148.34,43.208 149.311,43.721 150.339,44.187 150.877,44.447 151.419,44.704 152.24,45.158 152.88,45.529 153.528,45.897 154.195,46.44 154.664,46.853 155.141,47.263 155.742,47.725 156.353,48.183 157.024,48.659 157.568,49.107 158.121,49.552 158.644,49.855 159.174,50.154 159.877,50.855 160.599,51.488 160.945,52.159 161.584,52.654 162.458,53.003 162.79,53.625 163.282,54.347 163.67,54.779 164.066,55.209</coordinates></LineString></Placemark>
<Placemark><name>수렴형 경계 — 북아메리카판 · 태평양판</name><description>두 판이 가까워지는 곳 — 해구(섭입)·습곡 산맥(충돌)</description><styleUrl>#con</styleUrl><LineString><coordinates>144.454,40.847 144.479,40.549 144.399,40.367 144.328,40.203 144.283,40.067 144.254,39.928 144.225,39.767 144.236,39.557 144.203,39.374 144.189,39.123 144.119,38.909 144.061,38.709 144.017,38.536 143.973,38.359 143.928,38.166 143.888,37.928 143.843,37.71 143.743,37.479 143.637,37.29 143.518,37.059 143.408,36.86 143.275,36.649 143.151,36.52 143.02,36.339 142.887,36.264 142.761,36.188 142.681,36.064 142.606,36.001 142.555,35.944 142.46,35.673 142.325,35.503 142.221,35.333 142.17,35.217 142.067,35.164 142.029,34.889 141.992,34.666 141.883,34.213</coordinates></LineString></Placemark>
<Placemark><name>수렴형 경계 — 북아메리카판 · 필리핀판</name><description>두 판이 가까워지는 곳 — 해구(섭입)·습곡 산맥(충돌)</description><styleUrl>#con</styleUrl><LineString><coordinates>138.674,35.034 139.234,35.014</coordinates></LineString></Placemark>
<Placemark><name>수렴형 경계 — 북아메리카판 · 필리핀판</name><description>두 판이 가까워지는 곳 — 해구(섭입)·습곡 산맥(충돌)</description><styleUrl>#con</styleUrl><LineString><coordinates>139.429,34.86 139.923,34.713 140.44,34.631 140.87,34.529</coordinates></LineString></Placemark>
<Placemark><name>수렴형 경계 — 북아메리카판 · 필리핀판</name><description>두 판이 가까워지는 곳 — 해구(섭입)·습곡 산맥(충돌)</description><styleUrl>#con</styleUrl><LineString><coordinates>141.104,34.439 141.441,34.356 141.883,34.213</coordinates></LineString></Placemark>
<Placemark><name>수렴형 경계 — 북아메리카판 · 남아메리카판</name><description>두 판이 가까워지는 곳 — 해구(섭입)·습곡 산맥(충돌)</description><styleUrl>#con</styleUrl><LineString><coordinates>-61.553,18.959 -60.753,19.208</coordinates></LineString></Placemark>
<Placemark><name>수렴형 경계 — 북아메리카판 · 남아메리카판</name><description>두 판이 가까워지는 곳 — 해구(섭입)·습곡 산맥(충돌)</description><styleUrl>#con</styleUrl><LineString><coordinates>-59.949,19.455 -59.131,19.325 -58.309,19.192</coordinates></LineString></Placemark>
<Placemark><name>수렴형 경계 — 나스카판 · 태평양판</name><description>두 판이 가까워지는 곳 — 해구(섭입)·습곡 산맥(충돌)</description><styleUrl>#con</styleUrl><LineString><coordinates>-112.151,-32.343 -112.356,-32.328</coordinates></LineString></Placemark>
<Placemark><name>수렴형 경계 — 나스카판 · 태평양판</name><description>두 판이 가까워지는 곳 — 해구(섭입)·습곡 산맥(충돌)</description><styleUrl>#con</styleUrl><LineString><coordinates>-112.504,-33.65 -112.604,-33.663</coordinates></LineString></Placemark>
<Placemark><name>수렴형 경계 — 나스카판 · 남아메리카판</name><description>두 판이 가까워지는 곳 — 해구(섭입)·습곡 산맥(충돌)</description><styleUrl>#con</styleUrl><LineString><coordinates>-78.646,7.337 -78.715,7.232 -78.762,7.1 -78.747,7.031 -78.698,6.997 -78.599,6.942 -78.542,6.853 -78.443,6.757 -78.4,6.66 -78.336,6.564 -78.265,6.502 -78.195,6.461 -78.151,6.343 -78.129,6.239 -78.086,6.122 -78.05,6.053 -78.008,6.005</coordinates></LineString></Placemark>
<Placemark><name>수렴형 경계 — 나스카판 · 남아메리카판</name><description>두 판이 가까워지는 곳 — 해구(섭입)·습곡 산맥(충돌)</description><styleUrl>#con</styleUrl><LineString><coordinates>-71.307,-21.965 -71.249,-21.262 -71.323,-20.758 -71.362,-20.249 -71.487,-19.811 -71.746,-19.298 -72.266,-18.722 -72.737,-18.257 -73.4,-17.747 -73.949,-17.374 -74.609,-16.823 -75.292,-16.33 -75.916,-15.736</coordinates></LineString></Placemark>
<Placemark><name>수렴형 경계 — 나스카판 · 남아메리카판</name><description>두 판이 가까워지는 곳 — 해구(섭입)·습곡 산맥(충돌)</description><styleUrl>#con</styleUrl><LineString><coordinates>-81.599,-3.245 -81.652,-3.0 -81.532,-2.437 -81.599,-1.814 -81.415,-1.095 -81.229,-0.284 -80.887,0.432 -80.574,1.053 -80.292,1.549 -79.791,2.074 -79.478,2.427 -79.165,2.78 -78.662,3.392 -78.342,4.066 -78.08,4.832 -77.91,5.505 -78.008,6.005</coordinates></LineString></Placemark>
<Placemark><name>수렴형 경계 — 나스카판 · 남아메리카판</name><description>두 판이 가까워지는 곳 — 해구(섭입)·습곡 산맥(충돌)</description><styleUrl>#con</styleUrl><LineString><coordinates>-76.006,-45.659 -75.821,-44.849 -75.782,-44.051 -75.632,-43.648 -75.558,-42.972 -75.402,-42.285 -75.397,-41.826 -75.392,-41.367 -75.189,-40.863 -75.195,-40.359 -75.128,-39.813 -75.149,-39.564 -74.988,-39.068 -74.836,-38.542 -74.655,-38.138 -74.596,-37.563 -74.442,-36.725 -74.262,-36.165 -73.897,-35.578 -73.675,-34.888 -73.246,-34.29 -72.938,-33.837 -72.861,-33.359 -72.889,-32.742 -72.762,-32.319 -72.678,-31.531 -72.618,-30.965 -72.6,-30.19 -72.555,-29.536 -72.433,-28.901 -72.17,-28.278 -71.958,-27.755 -71.847,-27.248 -71.753,-26.652 -71.628,-25.84 -71.524,-25.093 -71.466,-24.263 -71.39,-23.523 -71.348,-22.758 -71.307,-21.965</coordinates></LineString></Placemark>
<Placemark><name>수렴형 경계 — 나스카판 · 남아메리카판</name><description>두 판이 가까워지는 곳 — 해구(섭입)·습곡 산맥(충돌)</description><styleUrl>#con</styleUrl><LineString><coordinates>-75.916,-15.736 -76.403,-15.219 -76.765,-14.843 -77.125,-14.467 -77.639,-13.914 -78.148,-13.387 -78.407,-13.014 -78.665,-12.641 -79.147,-11.89 -79.618,-11.291 -79.997,-10.56 -80.368,-9.921 -80.701,-9.434 -81.041,-8.665 -81.375,-7.988 -81.549,-7.306 -81.784,-6.655 -81.954,-6.003 -81.998,-5.253 -82.01,-4.504 -81.926,-3.721 -81.599,-3.245</coordinates></LineString></Placemark>
<Placemark><name>수렴형 경계 — 태평양판 · 필리핀판</name><description>두 판이 가까워지는 곳 — 해구(섭입)·습곡 산맥(충돌)</description><styleUrl>#con</styleUrl><LineString><coordinates>134.521,6.99 134.269,6.61 133.989,6.333</coordinates></LineString></Placemark>
<Placemark><name>수렴형 경계 — 태평양판 · 필리핀판</name><description>두 판이 가까워지는 곳 — 해구(섭입)·습곡 산맥(충돌)</description><styleUrl>#con</styleUrl><LineString><coordinates>143.503,11.494 144.157,11.79 144.619,12.021 145.024,12.211 145.349,12.314 145.691,12.647 146.221,13.002 146.752,13.363 147.201,14.216 147.462,14.966 147.684,15.653 147.787,16.523 147.856,17.283 147.811,18.06 147.82,18.646 147.619,19.172 147.46,19.745 147.207,20.303 147.019,20.805 146.822,21.331 146.545,21.73 146.062,22.201 145.292,22.712 144.706,23.25 144.022,23.764 143.522,24.391</coordinates></LineString></Placemark>
<Placemark><name>수렴형 경계 — 태평양판 · 필리핀판</name><description>두 판이 가까워지는 곳 — 해구(섭입)·습곡 산맥(충돌)</description><styleUrl>#con</styleUrl><LineString><coordinates>134.521,6.99 135.415,6.895 136.183,6.989 136.759,7.368 137.144,7.62 137.529,7.871 137.982,8.534 138.309,9.196 138.359,9.379 138.574,9.953 138.71,10.649 138.813,11.121 139.483,10.901 140.1,10.946 140.772,10.858 141.608,11.058 142.122,11.285 142.961,11.403 143.097,11.569</coordinates></LineString></Placemark>
<Placemark><name>수렴형 경계 — 태평양판 · 필리핀판</name><description>두 판이 가까워지는 곳 — 해구(섭입)·습곡 산맥(충돌)</description><styleUrl>#con</styleUrl><LineString><coordinates>143.522,24.391 143.096,24.909 143.098,24.918 143.075,25.612 143.231,26.329 143.26,26.737 143.243,27.463 143.172,27.941 143.002,28.519 142.748,28.975 142.507,29.621 142.473,30.128 142.224,30.711 142.159,31.315 142.099,31.983 141.994,32.558 142.012,33.252 141.858,33.704 141.883,34.213</coordinates></LineString></Placemark>
<Placemark><name>수렴형 경계 — 남아메리카판 · 스코샤판</name><description>두 판이 가까워지는 곳 — 해구(섭입)·습곡 산맥(충돌)</description><styleUrl>#con</styleUrl><LineString><coordinates>-29.489,-55.033 -30.906,-54.822 -32.367,-54.585 -33.734,-54.46</coordinates></LineString></Placemark>
<Placemark><name>수렴형 경계 — 남아메리카판 · 스코샤판</name><description>두 판이 가까워지는 곳 — 해구(섭입)·습곡 산맥(충돌)</description><styleUrl>#con</styleUrl><LineString><coordinates>-33.691,-55.605 -34.591,-55.729 -36.108,-55.642 -36.846,-55.215 -37.81,-55.086 -38.715,-54.853 -39.711,-54.633 -40.66,-54.397 -41.597,-54.154 -42.41,-53.88 -43.213,-53.6 -44.209,-53.27 -45.191,-52.931 -46.414,-52.83 -47.663,-52.691 -49.163,-52.664</coordinates></LineString></Placemark>
<Placemark><name>수렴형 경계 — 남아메리카판 · 스코샤판</name><description>두 판이 가까워지는 곳 — 해구(섭입)·습곡 산맥(충돌)</description><styleUrl>#con</styleUrl><LineString><coordinates>-26.071,-60.391 -25.069,-59.973 -24.456,-59.386 -23.991,-58.921 -23.819,-58.195 -24.13,-57.425 -24.233,-57.174 -24.696,-56.734 -25.149,-56.292 -25.721,-55.84 -26.414,-55.424 -26.995,-55.232 -27.604,-55.095 -28.647,-55.005</coordinates></LineString></Placemark>
</Folder>
<Folder><name>보존형 경계</name>
<Placemark><name>보존형 경계 — 아프리카판 · 남극판</name><description>두 판이 어긋나는 곳 — 변환 단층, 지각이 생기지도 사라지지도 않는다</description><styleUrl>#tra</styleUrl><LineString><coordinates>-0.438,-54.852 -0.039,-54.677 0.443,-54.451</coordinates></LineString></Placemark>
<Placemark><name>보존형 경계 — 아프리카판 · 남극판</name><description>두 판이 어긋나는 곳 — 변환 단층, 지각이 생기지도 사라지지도 않는다</description><styleUrl>#tra</styleUrl><LineString><coordinates>30.362,-49.215 30.006,-49.611 29.712,-49.933 29.343,-50.507 28.969,-51.137 28.605,-51.772 28.403,-52.277 28.312,-52.54 28.111,-52.904</coordinates></LineString></Placemark>
<Placemark><name>보존형 경계 — 아프리카판 · 아라비아판</name><description>두 판이 어긋나는 곳 — 변환 단층, 지각이 생기지도 사라지지도 않는다</description><styleUrl>#tra</styleUrl><LineString><coordinates>34.257,27.885 34.428,28.414 34.601,28.943 34.776,29.472 34.952,30.0</coordinates></LineString></Placemark>
<Placemark><name>보존형 경계 — 아프리카판 · 아라비아판</name><description>두 판이 어긋나는 곳 — 변환 단층, 지각이 생기지도 사라지지도 않는다</description><styleUrl>#tra</styleUrl><LineString><coordinates>35.571,32.755 35.47,32.004</coordinates></LineString></Placemark>
<Placemark><name>보존형 경계 — 아프리카판 · 아라비아판</name><description>두 판이 어긋나는 곳 — 변환 단층, 지각이 생기지도 사라지지도 않는다</description><styleUrl>#tra</styleUrl><LineString><coordinates>35.309,31.383 35.142,30.702 34.952,30.0</coordinates></LineString></Placemark>
<Placemark><name>보존형 경계 — 아프리카판 · 아나톨리아판</name><description>두 판이 어긋나는 곳 — 변환 단층, 지각이 생기지도 사라지지도 않는다</description><styleUrl>#tra</styleUrl><LineString><coordinates>34.5,34.785 34.9,35.091 35.362,35.405 35.791,35.689 36.413,36.023</coordinates></LineString></Placemark>
<Placemark><name>보존형 경계 — 아프리카판 · 유라시아판</name><description>두 판이 어긋나는 곳 — 변환 단층, 지각이 생기지도 사라지지도 않는다</description><styleUrl>#tra</styleUrl><LineString><coordinates>-23.57,36.646 -22.893,36.702 -22.216,36.754 -21.507,36.82 -20.797,36.881 -20.24,36.954 -19.682,37.025</coordinates></LineString></Placemark>
<Placemark><name>보존형 경계 — 아프리카판 · 유라시아판</name><description>두 판이 어긋나는 곳 — 변환 단층, 지각이 생기지도 사라지지도 않는다</description><styleUrl>#tra</styleUrl><LineString><coordinates>-18.124,37.466 -17.584,37.503 -16.742,37.435 -15.842,37.297 -15.387,37.212</coordinates></LineString></Placemark>
<Placemark><name>보존형 경계 — 아프리카판 · 유라시아판</name><description>두 판이 어긋나는 곳 — 변환 단층, 지각이 생기지도 사라지지도 않는다</description><styleUrl>#tra</styleUrl><LineString><coordinates>-13.675,37.395 -12.903,36.864 -12.142,36.328 -11.585,35.851</coordinates></LineString></Placemark>
<Placemark><name>보존형 경계 — 아프리카판 · 유라시아판</name><description>두 판이 어긋나는 곳 — 변환 단층, 지각이 생기지도 사라지지도 않는다</description><styleUrl>#tra</styleUrl><LineString><coordinates>-9.977,36.651 -9.545,36.43 -8.785,36.051 -8.031,35.667 -7.193,35.273 -6.73,35.063 -6.064,34.784</coordinates></LineString></Placemark>
<Placemark><name>보존형 경계 — 아프리카판 · 유라시아판</name><description>두 판이 어긋나는 곳 — 변환 단층, 지각이 생기지도 사라지지도 않는다</description><styleUrl>#tra</styleUrl><LineString><coordinates>-6.0,34.263 -5.808,34.019</coordinates></LineString></Placemark>
<Placemark><name>보존형 경계 — 아프리카판 · 유라시아판</name><description>두 판이 어긋나는 곳 — 변환 단층, 지각이 생기지도 사라지지도 않는다</description><styleUrl>#tra</styleUrl><LineString><coordinates>15.344,37.615 15.375,37.34</coordinates></LineString></Placemark>
<Placemark><name>보존형 경계 — 아프리카판 · 유라시아판</name><description>두 판이 어긋나는 곳 — 변환 단층, 지각이 생기지도 사라지지도 않는다</description><styleUrl>#tra</styleUrl><LineString><coordinates>18.062,39.006 17.96,39.17</coordinates></LineString></Placemark>
<Placemark><name>보존형 경계 — 아프리카판 · 남아메리카판</name><description>두 판이 어긋나는 곳 — 변환 단층, 지각이 생기지도 사라지지도 않는다</description><styleUrl>#tra</styleUrl><LineString><coordinates>-46.766,15.451 -45.947,15.36 -45.13,15.267</coordinates></LineString></Placemark>
<Placemark><name>보존형 경계 — 아프리카판 · 남아메리카판</name><description>두 판이 어긋나는 곳 — 변환 단층, 지각이 생기지도 사라지지도 않는다</description><styleUrl>#tra</styleUrl><LineString><coordinates>-43.921,10.927 -43.448,10.906 -42.976,10.883 -42.504,10.86 -42.031,10.837 -41.559,10.812 -41.087,10.787</coordinates></LineString></Placemark>
<Placemark><name>보존형 경계 — 아프리카판 · 남아메리카판</name><description>두 판이 어긋나는 곳 — 변환 단층, 지각이 생기지도 사라지지도 않는다</description><styleUrl>#tra</styleUrl><LineString><coordinates>-29.92,0.797 -29.21,0.849 -28.347,0.953 -27.831,1.007 -27.315,1.062 -26.474,1.159</coordinates></LineString></Placemark>
<Placemark><name>보존형 경계 — 아프리카판 · 남아메리카판</name><description>두 판이 어긋나는 곳 — 변환 단층, 지각이 생기지도 사라지지도 않는다</description><styleUrl>#tra</styleUrl><LineString><coordinates>-24.612,-1.103 -24.051,-1.034 -23.49,-0.964 -22.935,-0.88 -22.381,-0.796 -21.544,-0.68 -21.017,-0.588 -20.49,-0.497 -19.675,-0.333 -18.85,-0.176 -18.369,-0.073 -17.889,0.031 -17.323,0.15 -16.757,0.269 -16.498,0.299</coordinates></LineString></Placemark>
<Placemark><name>보존형 경계 — 아프리카판 · 소말리아판</name><description>두 판이 어긋나는 곳 — 변환 단층, 지각이 생기지도 사라지지도 않는다</description><styleUrl>#tra</styleUrl><LineString><coordinates>33.474,-34.173 32.69,-33.595 31.917,-33.012 31.153,-32.425 30.4,-31.833 29.656,-31.236 28.921,-30.635 28.341,-29.849</coordinates></LineString></Placemark>
<Placemark><name>보존형 경계 — 아프리카판 · 소말리아판</name><description>두 판이 어긋나는 곳 — 변환 단층, 지각이 생기지도 사라지지도 않는다</description><styleUrl>#tra</styleUrl><LineString><coordinates>36.29,5.009 35.782,5.099 35.275,5.188 34.767,5.277 34.26,5.366 33.752,5.455 33.244,5.543 32.736,5.63 32.227,5.717</coordinates></LineString></Placemark>
<Placemark><name>보존형 경계 — 아프리카판 · 소말리아판</name><description>두 판이 어긋나는 곳 — 변환 단층, 지각이 생기지도 사라지지도 않는다</description><styleUrl>#tra</styleUrl><LineString><coordinates>33.11,-21.344 32.636,-21.492 32.16,-21.639 31.684,-21.784 31.207,-21.928</coordinates></LineString></Placemark>
<Placemark><name>보존형 경계 — 아프리카판 · 소말리아판</name><description>두 판이 어긋나는 곳 — 변환 단층, 지각이 생기지도 사라지지도 않는다</description><styleUrl>#tra</styleUrl><LineString><coordinates>29.289,-22.491 28.844,-22.971 28.396,-23.45 27.944,-23.928 27.489,-24.404</coordinates></LineString></Placemark>
<Placemark><name>보존형 경계 — 아프리카판 · 소말리아판</name><description>두 판이 어긋나는 곳 — 변환 단층, 지각이 생기지도 사라지지도 않는다</description><styleUrl>#tra</styleUrl><LineString><coordinates>26.596,-26.768 26.595,-27.477 26.594,-28.187</coordinates></LineString></Placemark>
<Placemark><name>보존형 경계 — 아프리카판 · 소말리아판</name><description>두 판이 어긋나는 곳 — 변환 단층, 지각이 생기지도 사라지지도 않는다</description><styleUrl>#tra</styleUrl><LineString><coordinates>27.769,-29.06 28.054,-29.454 28.341,-29.849</coordinates></LineString></Placemark>
<Placemark><name>보존형 경계 — 남극판 · 인도-오스트레일리아판</name><description>두 판이 어긋나는 곳 — 변환 단층, 지각이 생기지도 사라지지도 않는다</description><styleUrl>#tra</styleUrl><LineString><coordinates>83.439,-42.89 83.853,-42.551 84.263,-42.21 84.669,-41.868 85.07,-41.525 85.466,-41.18 85.859,-40.834</coordinates></LineString></Placemark>
<Placemark><name>보존형 경계 — 남극판 · 인도-오스트레일리아판</name><description>두 판이 어긋나는 곳 — 변환 단층, 지각이 생기지도 사라지지도 않는다</description><styleUrl>#tra</styleUrl><LineString><coordinates>146.881,-54.695 147.043,-55.175 147.206,-55.654 147.373,-56.132 147.545,-56.61 147.721,-57.088 147.902,-57.566</coordinates></LineString></Placemark>
<Placemark><name>보존형 경계 — 남극판 · 인도-오스트레일리아판</name><description>두 판이 어긋나는 곳 — 변환 단층, 지각이 생기지도 사라지지도 않는다</description><styleUrl>#tra</styleUrl><LineString><coordinates>153.639,-59.93 154.294,-60.681 154.981,-61.429 155.701,-62.174 156.457,-62.914</coordinates></LineString></Placemark>
<Placemark><name>보존형 경계 — 남극판 · 나스카판</name><description>두 판이 어긋나는 곳 — 변환 단층, 지각이 생기지도 사라지지도 않는다</description><styleUrl>#tra</styleUrl><LineString><coordinates>-76.006,-45.659 -76.675,-45.643 -77.661,-45.761</coordinates></LineString></Placemark>
<Placemark><name>보존형 경계 — 남극판 · 나스카판</name><description>두 판이 어긋나는 곳 — 변환 단층, 지각이 생기지도 사라지지도 않는다</description><styleUrl>#tra</styleUrl><LineString><coordinates>-78.206,-44.411 -78.893,-44.545 -79.586,-44.666 -80.281,-44.782 -81.106,-44.876 -81.935,-44.964</coordinates></LineString></Placemark>
<Placemark><name>보존형 경계 — 남극판 · 나스카판</name><description>두 판이 어긋나는 곳 — 변환 단층, 지각이 생기지도 사라지지도 않는다</description><styleUrl>#tra</styleUrl><LineString><coordinates>-97.402,-36.294 -98.417,-36.193 -99.532,-36.133 -100.645,-36.063 -101.286,-35.997 -101.926,-35.927 -102.565,-35.854 -103.202,-35.778 -103.998,-35.694 -104.793,-35.605 -105.391,-35.524 -105.988,-35.439 -106.666,-35.394 -107.343,-35.345 -108.071,-35.24 -108.797,-35.132</coordinates></LineString></Placemark>
<Placemark><name>보존형 경계 — 남극판 · 나스카판</name><description>두 판이 어긋나는 곳 — 변환 단층, 지각이 생기지도 사라지지도 않는다</description><styleUrl>#tra</styleUrl><LineString><coordinates>-109.691,-34.609 -109.259,-34.545</coordinates></LineString></Placemark>
<Placemark><name>보존형 경계 — 남극판 · 태평양판</name><description>두 판이 어긋나는 곳 — 변환 단층, 지각이 생기지도 사라지지도 않는다</description><styleUrl>#tra</styleUrl><LineString><coordinates>161.228,-61.457 161.975,-61.763 162.579,-62.213 163.202,-62.66</coordinates></LineString></Placemark>
<Placemark><name>보존형 경계 — 남극판 · 태평양판</name><description>두 판이 어긋나는 곳 — 변환 단층, 지각이 생기지도 사라지지도 않는다</description><styleUrl>#tra</styleUrl><LineString><coordinates>169.238,-62.446 169.605,-62.676 170.068,-62.972 170.441,-63.149 171.009,-63.447 171.64,-63.807 172.164,-64.097 172.52,-64.256 173.631,-64.738</coordinates></LineString></Placemark>
<Placemark><name>보존형 경계 — 남극판 · 태평양판</name><description>두 판이 어긋나는 곳 — 변환 단층, 지각이 생기지도 사라지지도 않는다</description><styleUrl>#tra</styleUrl><LineString><coordinates>175.582,-63.984 176.063,-64.188 176.549,-64.41 176.819,-64.506 177.338,-64.736 177.889,-64.975 178.24,-65.079 178.759,-65.274 179.381,-65.477 179.963,-65.739</coordinates></LineString></Placemark>
<Placemark><name>보존형 경계 — 남극판 · 태평양판</name><description>두 판이 어긋나는 곳 — 변환 단층, 지각이 생기지도 사라지지도 않는다</description><styleUrl>#tra</styleUrl><LineString><coordinates>-179.197,-65.986 -178.793,-66.163</coordinates></LineString></Placemark>
<Placemark><name>보존형 경계 — 남극판 · 태평양판</name><description>두 판이 어긋나는 곳 — 변환 단층, 지각이 생기지도 사라지지도 않는다</description><styleUrl>#tra</styleUrl><LineString><coordinates>-144.857,-55.784 -144.482,-55.91 -143.324,-56.263 -142.086,-56.619 -141.211,-56.839 -140.325,-57.053</coordinates></LineString></Placemark>
<Placemark><name>보존형 경계 — 남극판 · 태평양판</name><description>두 판이 어긋나는 곳 — 변환 단층, 지각이 생기지도 사라지지도 않는다</description><styleUrl>#tra</styleUrl><LineString><coordinates>-136.18,-53.396 -135.307,-53.643 -134.205,-53.887 -132.87,-54.237 -132.126,-54.432 -131.375,-54.623 -130.059,-54.931 -129.345,-55.129 -128.624,-55.321 -127.231,-55.565</coordinates></LineString></Placemark>
<Placemark><name>보존형 경계 — 남극판 · 태평양판</name><description>두 판이 어긋나는 곳 — 변환 단층, 지각이 생기지도 사라지지도 않는다</description><styleUrl>#tra</styleUrl><LineString><coordinates>-126.8,-55.064 -126.197,-55.138 -125.077,-55.454 -124.262,-55.587 -123.442,-55.715 -122.655,-55.873 -121.862,-56.026</coordinates></LineString></Placemark>
<Placemark><name>보존형 경계 — 남극판 · 남아메리카판</name><description>두 판이 어긋나는 곳 — 변환 단층, 지각이 생기지도 사라지지도 않는다</description><styleUrl>#tra</styleUrl><LineString><coordinates>-7.009,-57.869 -7.525,-57.92 -8.607,-57.989 -9.885,-58.091 -11.19,-58.158 -12.649,-58.241 -13.954,-58.317 -15.069,-58.39 -15.972,-58.439</coordinates></LineString></Placemark>
<Placemark><name>보존형 경계 — 남극판 · 남아메리카판</name><description>두 판이 어긋나는 곳 — 변환 단층, 지각이 생기지도 사라지지도 않는다</description><styleUrl>#tra</styleUrl><LineString><coordinates>-19.581,-60.811 -20.651,-60.782 -21.719,-60.744 -22.914,-60.723 -24.107,-60.692 -25.094,-60.545 -26.071,-60.391</coordinates></LineString></Placemark>
<Placemark><name>보존형 경계 — 남극판 · 스코샤판</name><description>두 판이 어긋나는 곳 — 변환 단층, 지각이 생기지도 사라지지도 않는다</description><styleUrl>#tra</styleUrl><LineString><coordinates>-50.887,-60.094 -49.599,-60.044 -48.251,-59.968 -46.963,-59.96 -45.603,-60.091 -44.226,-60.243 -43.151,-60.376 -42.067,-60.501</coordinates></LineString></Placemark>
<Placemark><name>보존형 경계 — 남극판 · 스코샤판</name><description>두 판이 어긋나는 곳 — 변환 단층, 지각이 생기지도 사라지지도 않는다</description><styleUrl>#tra</styleUrl><LineString><coordinates>-39.093,-61.018 -37.561,-61.243 -36.418,-61.392</coordinates></LineString></Placemark>
<Placemark><name>보존형 경계 — 남극판 · 스코샤판</name><description>두 판이 어긋나는 곳 — 변환 단층, 지각이 생기지도 사라지지도 않는다</description><styleUrl>#tra</styleUrl><LineString><coordinates>-32.367,-60.409 -31.014,-60.512 -29.738,-60.575 -28.743,-60.601 -27.697,-60.617</coordinates></LineString></Placemark>
<Placemark><name>보존형 경계 — 남극판 · 스코샤판</name><description>두 판이 어긋나는 곳 — 변환 단층, 지각이 생기지도 사라지지도 않는다</description><styleUrl>#tra</styleUrl><LineString><coordinates>-63.969,-62.422 -63.292,-62.825</coordinates></LineString></Placemark>
<Placemark><name>보존형 경계 — 남극판 · 스코샤판</name><description>두 판이 어긋나는 곳 — 변환 단층, 지각이 생기지도 사라지지도 않는다</description><styleUrl>#tra</styleUrl><LineString><coordinates>-27.697,-60.617 -26.889,-60.506 -26.071,-60.391</coordinates></LineString></Placemark>
<Placemark><name>보존형 경계 — 아라비아판 · 아나톨리아판</name><description>두 판이 어긋나는 곳 — 변환 단층, 지각이 생기지도 사라지지도 않는다</description><styleUrl>#tra</styleUrl><LineString><coordinates>36.466,36.73 36.79,37.398</coordinates></LineString></Placemark>
<Placemark><name>보존형 경계 — 아라비아판 · 아나톨리아판</name><description>두 판이 어긋나는 곳 — 변환 단층, 지각이 생기지도 사라지지도 않는다</description><styleUrl>#tra</styleUrl><LineString><coordinates>39.402,38.497 40.163,38.768</coordinates></LineString></Placemark>
<Placemark><name>보존형 경계 — 아라비아판 · 아나톨리아판</name><description>두 판이 어긋나는 곳 — 변환 단층, 지각이 생기지도 사라지지도 않는다</description><styleUrl>#tra</styleUrl><LineString><coordinates>40.624,38.857 41.001,39.08</coordinates></LineString></Placemark>
<Placemark><name>보존형 경계 — 아라비아판 · 유라시아판</name><description>두 판이 어긋나는 곳 — 변환 단층, 지각이 생기지도 사라지지도 않는다</description><styleUrl>#tra</styleUrl><LineString><coordinates>57.057,26.049 56.992,26.545</coordinates></LineString></Placemark>
<Placemark><name>보존형 경계 — 아라비아판 · 유라시아판</name><description>두 판이 어긋나는 곳 — 변환 단층, 지각이 생기지도 사라지지도 않는다</description><styleUrl>#tra</styleUrl><LineString><coordinates>50.998,29.072 51.057,29.578</coordinates></LineString></Placemark>
<Placemark><name>보존형 경계 — 아라비아판 · 유라시아판</name><description>두 판이 어긋나는 곳 — 변환 단층, 지각이 생기지도 사라지지도 않는다</description><styleUrl>#tra</styleUrl><LineString><coordinates>41.001,39.08 41.026,38.849</coordinates></LineString></Placemark>
<Placemark><name>보존형 경계 — 아라비아판 · 유라시아판</name><description>두 판이 어긋나는 곳 — 변환 단층, 지각이 생기지도 사라지지도 않는다</description><styleUrl>#tra</styleUrl><LineString><coordinates>44.02,37.098 44.357,36.572 44.515,36.015 44.671,35.458 44.836,35.025 45.0,34.591</coordinates></LineString></Placemark>
<Placemark><name>보존형 경계 — 아라비아판 · 인도-오스트레일리아판</name><description>두 판이 어긋나는 곳 — 변환 단층, 지각이 생기지도 사라지지도 않는다</description><styleUrl>#tra</styleUrl><LineString><coordinates>60.97,19.813 61.23,20.23 61.492,20.644 61.848,21.126 62.096,21.425</coordinates></LineString></Placemark>
<Placemark><name>보존형 경계 — 아라비아판 · 인도-오스트레일리아판</name><description>두 판이 어긋나는 곳 — 변환 단층, 지각이 생기지도 사라지지도 않는다</description><styleUrl>#tra</styleUrl><LineString><coordinates>62.132,22.083 62.502,22.385 62.877,22.683 63.631,23.201 64.275,23.694 64.651,24.038 65.028,24.382</coordinates></LineString></Placemark>
<Placemark><name>보존형 경계 — 아라비아판 · 인도-오스트레일리아판</name><description>두 판이 어긋나는 곳 — 변환 단층, 지각이 생기지도 사라지지도 않는다</description><styleUrl>#tra</styleUrl><LineString><coordinates>59.909,15.572 59.642,15.242 59.41,14.895</coordinates></LineString></Placemark>
<Placemark><name>보존형 경계 — 아나톨리아판 · 유라시아판</name><description>두 판이 어긋나는 곳 — 변환 단층, 지각이 생기지도 사라지지도 않는다</description><styleUrl>#tra</styleUrl><LineString><coordinates>25.861,39.708 25.417,40.156</coordinates></LineString></Placemark>
<Placemark><name>보존형 경계 — 아나톨리아판 · 유라시아판</name><description>두 판이 어긋나는 곳 — 변환 단층, 지각이 생기지도 사라지지도 않는다</description><styleUrl>#tra</styleUrl><LineString><coordinates>41.001,39.08 40.449,39.393 39.892,39.702 39.268,39.909 38.795,40.009 38.021,40.269 37.062,40.6 36.169,40.849 35.527,41.002 34.832,41.123 34.286,41.159 33.405,41.023 32.393,40.86 31.482,40.679 31.116,40.615 30.774,40.601</coordinates></LineString></Placemark>
<Placemark><name>보존형 경계 — 아나톨리아판 · 유라시아판</name><description>두 판이 어긋나는 곳 — 변환 단층, 지각이 생기지도 사라지지도 않는다</description><styleUrl>#tra</styleUrl><LineString><coordinates>27.256,40.789 26.597,40.553 26.01,40.326 25.417,40.156</coordinates></LineString></Placemark>
<Placemark><name>보존형 경계 — 카리브판 · 북아메리카판</name><description>두 판이 어긋나는 곳 — 변환 단층, 지각이 생기지도 사라지지도 않는다</description><styleUrl>#tra</styleUrl><LineString><coordinates>-63.36,19.691 -63.76,19.724 -64.344,19.779 -65.129,19.833 -65.694,19.829 -66.259,19.825 -67.04,19.754 -67.531,19.721 -68.022,19.687 -68.853,19.589 -69.415,19.696 -69.978,19.802</coordinates></LineString></Placemark>
<Placemark><name>보존형 경계 — 카리브판 · 북아메리카판</name><description>두 판이 어긋나는 곳 — 변환 단층, 지각이 생기지도 사라지지도 않는다</description><styleUrl>#tra</styleUrl><LineString><coordinates>-71.277,20.201 -71.804,20.267 -72.332,20.331 -73.239,20.291 -73.994,20.166 -74.749,20.037 -75.239,19.99 -75.729,19.942 -76.356,19.845 -76.983,19.747 -77.673,19.623 -78.361,19.497 -79.011,19.382 -79.66,19.264 -80.21,19.16 -80.758,19.054 -81.256,18.96 -81.754,18.865</coordinates></LineString></Placemark>
<Placemark><name>보존형 경계 — 카리브판 · 북아메리카판</name><description>두 판이 어긋나는 곳 — 변환 단층, 지각이 생기지도 사라지지도 않는다</description><styleUrl>#tra</styleUrl><LineString><coordinates>-81.625,17.802 -82.244,17.691 -82.865,17.626 -83.706,17.481 -84.248,17.344 -84.91,17.107 -85.671,16.911 -86.32,16.694 -86.966,16.476 -87.723,16.251</coordinates></LineString></Placemark>
<Placemark><name>보존형 경계 — 카리브판 · 나스카판</name><description>두 판이 어긋나는 곳 — 변환 단층, 지각이 생기지도 사라지지도 않는다</description><styleUrl>#tra</styleUrl><LineString><coordinates>-78.646,7.337 -78.751,7.329 -78.982,7.319 -79.24,7.301 -79.47,7.228 -79.658,7.184 -79.846,7.16 -80.096,7.101 -80.25,7.133</coordinates></LineString></Placemark>
<Placemark><name>보존형 경계 — 카리브판 · 나스카판</name><description>두 판이 어긋나는 곳 — 변환 단층, 지각이 생기지도 사라지지도 않는다</description><styleUrl>#tra</styleUrl><LineString><coordinates>-81.944,6.95 -82.09,6.967</coordinates></LineString></Placemark>
<Placemark><name>보존형 경계 — 카리브판 · 나스카판</name><description>두 판이 어긋나는 곳 — 변환 단층, 지각이 생기지도 사라지지도 않는다</description><styleUrl>#tra</styleUrl><LineString><coordinates>-82.492,7.296 -82.617,7.307 -82.686,7.278 -82.748,7.283</coordinates></LineString></Placemark>
<Placemark><name>보존형 경계 — 카리브판 · 남아메리카판</name><description>두 판이 어긋나는 곳 — 변환 단층, 지각이 생기지도 사라지지도 않는다</description><styleUrl>#tra</styleUrl><LineString><coordinates>-63.878,10.532 -63.233,10.509 -62.641,10.482 -62.158,10.458 -61.542,10.427 -60.927,10.395 -60.457,10.345 -59.988,10.295 -59.121,10.22 -58.639,10.19 -58.157,10.16</coordinates></LineString></Placemark>
<Placemark><name>보존형 경계 — 카리브판 · 남아메리카판</name><description>두 판이 어긋나는 곳 — 변환 단층, 지각이 생기지도 사라지지도 않는다</description><styleUrl>#tra</styleUrl><LineString><coordinates>-67.961,10.5 -67.499,10.592 -66.869,10.667 -66.437,10.662 -65.964,10.653 -65.526,10.615 -65.121,10.6</coordinates></LineString></Placemark>
<Placemark><name>보존형 경계 — 카리브판 · 남아메리카판</name><description>두 판이 어긋나는 곳 — 변환 단층, 지각이 생기지도 사라지지도 않는다</description><styleUrl>#tra</styleUrl><LineString><coordinates>-64.997,10.539 -64.508,10.474 -64.21,10.519 -63.878,10.532</coordinates></LineString></Placemark>
<Placemark><name>보존형 경계 — 카리브판 · 남아메리카판</name><description>두 판이 어긋나는 곳 — 변환 단층, 지각이 생기지도 사라지지도 않는다</description><styleUrl>#tra</styleUrl><LineString><coordinates>-70.952,13.438 -70.659,13.31</coordinates></LineString></Placemark>
<Placemark><name>보존형 경계 — 카리브판 · 남아메리카판</name><description>두 판이 어긋나는 곳 — 변환 단층, 지각이 생기지도 사라지지도 않는다</description><styleUrl>#tra</styleUrl><LineString><coordinates>-78.646,7.337 -78.229,7.51 -78.013,7.637 -77.707,7.829</coordinates></LineString></Placemark>
<Placemark><name>보존형 경계 — 카리브판 · 남아메리카판</name><description>두 판이 어긋나는 곳 — 변환 단층, 지각이 생기지도 사라지지도 않는다</description><styleUrl>#tra</styleUrl><LineString><coordinates>-77.534,8.012 -77.331,8.105 -77.149,8.19</coordinates></LineString></Placemark>
<Placemark><name>보존형 경계 — 코코스판 · 나스카판</name><description>두 판이 어긋나는 곳 — 변환 단층, 지각이 생기지도 사라지지도 않는다</description><styleUrl>#tra</styleUrl><LineString><coordinates>-82.806,3.118 -82.875,3.595 -82.875,4.072 -82.875,4.563 -82.875,5.054 -82.875,5.833 -82.875,6.562 -82.875,7.118 -82.875,7.366</coordinates></LineString></Placemark>
<Placemark><name>보존형 경계 — 코코스판 · 태평양판</name><description>두 판이 어긋나는 곳 — 변환 단층, 지각이 생기지도 사라지지도 않는다</description><styleUrl>#tra</styleUrl><LineString><coordinates>-106.308,17.929 -105.586,17.881</coordinates></LineString></Placemark>
<Placemark><name>보존형 경계 — 유라시아판 · 인도-오스트레일리아판</name><description>두 판이 어긋나는 곳 — 변환 단층, 지각이 생기지도 사라지지도 않는다</description><styleUrl>#tra</styleUrl><LineString><coordinates>118.823,-3.61 119.565,-3.966</coordinates></LineString></Placemark>
<Placemark><name>보존형 경계 — 유라시아판 · 인도-오스트레일리아판</name><description>두 판이 어긋나는 곳 — 변환 단층, 지각이 생기지도 사라지지도 않는다</description><styleUrl>#tra</styleUrl><LineString><coordinates>119.953,-4.303 120.341,-4.64</coordinates></LineString></Placemark>
<Placemark><name>보존형 경계 — 유라시아판 · 인도-오스트레일리아판</name><description>두 판이 어긋나는 곳 — 변환 단층, 지각이 생기지도 사라지지도 않는다</description><styleUrl>#tra</styleUrl><LineString><coordinates>120.62,-6.122 120.546,-6.968 120.543,-7.812</coordinates></LineString></Placemark>
<Placemark><name>보존형 경계 — 유라시아판 · 인도-오스트레일리아판</name><description>두 판이 어긋나는 곳 — 변환 단층, 지각이 생기지도 사라지지도 않는다</description><styleUrl>#tra</styleUrl><LineString><coordinates>67.104,25.499 67.268,25.984 67.253,26.518 67.248,27.085 67.332,27.912 67.342,28.404</coordinates></LineString></Placemark>
<Placemark><name>보존형 경계 — 유라시아판 · 인도-오스트레일리아판</name><description>두 판이 어긋나는 곳 — 변환 단층, 지각이 생기지도 사라지지도 않는다</description><styleUrl>#tra</styleUrl><LineString><coordinates>67.24,28.573 67.277,29.377 67.301,29.795</coordinates></LineString></Placemark>
<Placemark><name>보존형 경계 — 유라시아판 · 인도-오스트레일리아판</name><description>두 판이 어긋나는 곳 — 변환 단층, 지각이 생기지도 사라지지도 않는다</description><styleUrl>#tra</styleUrl><LineString><coordinates>69.881,29.262 70.1,29.84 70.178,30.423 70.258,31.006</coordinates></LineString></Placemark>
<Placemark><name>보존형 경계 — 유라시아판 · 인도-오스트레일리아판</name><description>두 판이 어긋나는 곳 — 변환 단층, 지각이 생기지도 사라지지도 않는다</description><styleUrl>#tra</styleUrl><LineString><coordinates>75.675,32.189 75.722,31.633</coordinates></LineString></Placemark>
<Placemark><name>보존형 경계 — 유라시아판 · 인도-오스트레일리아판</name><description>두 판이 어긋나는 곳 — 변환 단층, 지각이 생기지도 사라지지도 않는다</description><styleUrl>#tra</styleUrl><LineString><coordinates>92.517,14.384 92.941,14.869 93.368,15.353 93.788,15.562 94.209,15.77 95.095,15.813 95.911,15.535 96.406,15.135 96.419,15.396 96.447,16.003 96.47,16.644</coordinates></LineString></Placemark>
<Placemark><name>보존형 경계 — 유라시아판 · 인도-오스트레일리아판</name><description>두 판이 어긋나는 곳 — 변환 단층, 지각이 생기지도 사라지지도 않는다</description><styleUrl>#tra</styleUrl><LineString><coordinates>95.918,21.681 95.918,22.352 95.909,23.015 95.969,23.76 96.117,24.48 96.31,25.134 96.581,25.647 96.906,26.287 97.13,26.82 97.346,27.241 97.471,27.702</coordinates></LineString></Placemark>
<Placemark><name>보존형 경계 — 유라시아판 · 인도-오스트레일리아판</name><description>두 판이 어긋나는 곳 — 변환 단층, 지각이 생기지도 사라지지도 않는다</description><styleUrl>#tra</styleUrl><LineString><coordinates>125.263,-0.446 124.857,-0.269 124.416,0.013 124.01,0.437 123.746,0.843 123.535,1.354 123.448,1.812 123.43,2.006</coordinates></LineString></Placemark>
<Placemark><name>보존형 경계 — 유라시아판 · 인도-오스트레일리아판</name><description>두 판이 어긋나는 곳 — 변환 단층, 지각이 생기지도 사라지지도 않는다</description><styleUrl>#tra</styleUrl><LineString><coordinates>119.249,0.714 119.475,-0.081</coordinates></LineString></Placemark>
<Placemark><name>보존형 경계 — 유라시아판 · 인도-오스트레일리아판</name><description>두 판이 어긋나는 곳 — 변환 단층, 지각이 생기지도 사라지지도 않는다</description><styleUrl>#tra</styleUrl><LineString><coordinates>120.886,-11.493 120.995,-10.829 121.033,-10.165 120.821,-9.586 120.61,-9.007 120.576,-8.41 120.543,-7.812</coordinates></LineString></Placemark>
<Placemark><name>보존형 경계 — 유라시아판 · 북아메리카판</name><description>두 판이 어긋나는 곳 — 변환 단층, 지각이 생기지도 사라지지도 않는다</description><styleUrl>#tra</styleUrl><LineString><coordinates>141.451,56.188 141.7,55.65 141.943,55.112 142.179,54.574 142.409,54.035</coordinates></LineString></Placemark>
<Placemark><name>보존형 경계 — 유라시아판 · 필리핀판</name><description>두 판이 어긋나는 곳 — 변환 단층, 지각이 생기지도 사라지지도 않는다</description><styleUrl>#tra</styleUrl><LineString><coordinates>121.575,24.691 121.779,24.255 122.14,23.949 122.501,23.643</coordinates></LineString></Placemark>
<Placemark><name>보존형 경계 — 유라시아판 · 필리핀판</name><description>두 판이 어긋나는 곳 — 변환 단층, 지각이 생기지도 사라지지도 않는다</description><styleUrl>#tra</styleUrl><LineString><coordinates>119.255,16.556 119.728,16.407 120.201,16.257 120.673,16.107 121.145,15.955 121.616,15.802 122.086,15.648 122.555,15.493 123.024,15.337 123.492,15.18 123.959,15.023 124.425,14.864 124.891,14.704</coordinates></LineString></Placemark>
<Placemark><name>보존형 경계 — 유라시아판 · 필리핀판</name><description>두 판이 어긋나는 곳 — 변환 단층, 지각이 생기지도 사라지지도 않는다</description><styleUrl>#tra</styleUrl><LineString><coordinates>121.575,24.691 121.335,24.963</coordinates></LineString></Placemark>
<Placemark><name>보존형 경계 — 인도-오스트레일리아판 · 태평양판</name><description>두 판이 어긋나는 곳 — 변환 단층, 지각이 생기지도 사라지지도 않는다</description><styleUrl>#tra</styleUrl><LineString><coordinates>168.77,-44.021 169.136,-43.845 169.647,-43.594 170.103,-43.358 170.638,-43.088 170.995,-42.932</coordinates></LineString></Placemark>
<Placemark><name>보존형 경계 — 인도-오스트레일리아판 · 태평양판</name><description>두 판이 어긋나는 곳 — 변환 단층, 지각이 생기지도 사라지지도 않는다</description><styleUrl>#tra</styleUrl><LineString><coordinates>171.277,-42.743 171.473,-42.675 171.859,-42.616 172.593,-42.483 173.126,-42.392 173.724,-42.291 174.304,-42.201 174.988,-42.122 175.503,-42.059</coordinates></LineString></Placemark>
<Placemark><name>보존형 경계 — 인도-오스트레일리아판 · 태평양판</name><description>두 판이 어긋나는 곳 — 변환 단층, 지각이 생기지도 사라지지도 않는다</description><styleUrl>#tra</styleUrl><LineString><coordinates>-176.346,-14.634 -176.88,-14.671 -177.415,-14.706 -177.746,-14.646</coordinates></LineString></Placemark>
<Placemark><name>보존형 경계 — 인도-오스트레일리아판 · 태평양판</name><description>두 판이 어긋나는 곳 — 변환 단층, 지각이 생기지도 사라지지도 않는다</description><styleUrl>#tra</styleUrl><LineString><coordinates>163.235,-50.079 163.047,-50.273</coordinates></LineString></Placemark>
<Placemark><name>보존형 경계 — 인도-오스트레일리아판 · 태평양판</name><description>두 판이 어긋나는 곳 — 변환 단층, 지각이 생기지도 사라지지도 않는다</description><styleUrl>#tra</styleUrl><LineString><coordinates>162.963,-50.369 162.785,-50.443 162.594,-50.549 162.453,-50.668 162.273,-50.817 162.049,-50.962 161.825,-51.118 161.716,-51.192 161.542,-51.399 161.368,-51.542 161.162,-51.751 161.026,-51.924 160.762,-52.166 160.671,-52.292 160.535,-52.433 160.342,-52.634 160.092,-52.822 159.905,-52.991 159.731,-53.17 159.512,-53.345 159.318,-53.598</coordinates></LineString></Placemark>
<Placemark><name>보존형 경계 — 인도-오스트레일리아판 · 태평양판</name><description>두 판이 어긋나는 곳 — 변환 단층, 지각이 생기지도 사라지지도 않는다</description><styleUrl>#tra</styleUrl><LineString><coordinates>159.142,-53.812 158.985,-54.088 158.885,-54.308 158.74,-54.559 158.674,-54.689</coordinates></LineString></Placemark>
<Placemark><name>보존형 경계 — 인도-오스트레일리아판 · 태평양판</name><description>두 판이 어긋나는 곳 — 변환 단층, 지각이 생기지도 사라지지도 않는다</description><styleUrl>#tra</styleUrl><LineString><coordinates>158.465,-55.522 158.332,-55.779 158.226,-56.022 158.153,-56.165 158.042,-56.311 157.944,-56.438 157.823,-56.725 157.703,-56.992 157.64,-57.23 157.615,-57.474</coordinates></LineString></Placemark>
<Placemark><name>보존형 경계 — 인도-오스트레일리아판 · 태평양판</name><description>두 판이 어긋나는 곳 — 변환 단층, 지각이 생기지도 사라지지도 않는다</description><styleUrl>#tra</styleUrl><LineString><coordinates>-179.739,-15.542 -179.444,-15.527</coordinates></LineString></Placemark>
<Placemark><name>보존형 경계 — 인도-오스트레일리아판 · 태평양판</name><description>두 판이 어긋나는 곳 — 변환 단층, 지각이 생기지도 사라지지도 않는다</description><styleUrl>#tra</styleUrl><LineString><coordinates>176.966,-13.853 177.167,-13.948 177.417,-14.055 178.029,-14.309 178.469,-14.501 179.012,-14.784 179.389,-14.975 179.79,-15.218</coordinates></LineString></Placemark>
<Placemark><name>보존형 경계 — 인도-오스트레일리아판 · 태평양판</name><description>두 판이 어긋나는 곳 — 변환 단층, 지각이 생기지도 사라지지도 않는다</description><styleUrl>#tra</styleUrl><LineString><coordinates>154.256,-3.612 154.359,-3.948</coordinates></LineString></Placemark>
<Placemark><name>보존형 경계 — 인도-오스트레일리아판 · 태평양판</name><description>두 판이 어긋나는 곳 — 변환 단층, 지각이 생기지도 사라지지도 않는다</description><styleUrl>#tra</styleUrl><LineString><coordinates>154.955,-4.55 154.992,-4.887 154.978,-5.24</coordinates></LineString></Placemark>
<Placemark><name>보존형 경계 — 인도-오스트레일리아판 · 태평양판</name><description>두 판이 어긋나는 곳 — 변환 단층, 지각이 생기지도 사라지지도 않는다</description><styleUrl>#tra</styleUrl><LineString><coordinates>154.592,-5.581 154.545,-5.901 154.533,-6.423</coordinates></LineString></Placemark>
<Placemark><name>보존형 경계 — 인도-오스트레일리아판 · 태평양판</name><description>두 판이 어긋나는 곳 — 변환 단층, 지각이 생기지도 사라지지도 않는다</description><styleUrl>#tra</styleUrl><LineString><coordinates>-174.754,-14.334 -174.083,-14.379 -173.836,-14.534 -173.407,-14.584</coordinates></LineString></Placemark>
<Placemark><name>보존형 경계 — 인도-오스트레일리아판 · 태평양판</name><description>두 판이 어긋나는 곳 — 변환 단층, 지각이 생기지도 사라지지도 않는다</description><styleUrl>#tra</styleUrl><LineString><coordinates>162.484,-11.421 162.626,-11.382</coordinates></LineString></Placemark>
<Placemark><name>보존형 경계 — 인도-오스트레일리아판 · 태평양판</name><description>두 판이 어긋나는 곳 — 변환 단층, 지각이 생기지도 사라지지도 않는다</description><styleUrl>#tra</styleUrl><LineString><coordinates>163.195,-11.291 163.311,-11.265</coordinates></LineString></Placemark>
<Placemark><name>보존형 경계 — 인도-오스트레일리아판 · 태평양판</name><description>두 판이 어긋나는 곳 — 변환 단층, 지각이 생기지도 사라지지도 않는다</description><styleUrl>#tra</styleUrl><LineString><coordinates>163.505,-11.238 163.699,-11.199</coordinates></LineString></Placemark>
<Placemark><name>보존형 경계 — 인도-오스트레일리아판 · 태평양판</name><description>두 판이 어긋나는 곳 — 변환 단층, 지각이 생기지도 사라지지도 않는다</description><styleUrl>#tra</styleUrl><LineString><coordinates>164.151,-11.144 164.267,-11.118</coordinates></LineString></Placemark>
<Placemark><name>보존형 경계 — 인도-오스트레일리아판 · 소말리아판</name><description>두 판이 어긋나는 곳 — 변환 단층, 지각이 생기지도 사라지지도 않는다</description><styleUrl>#tra</styleUrl><LineString><coordinates>68.274,-6.811 67.811,-7.253</coordinates></LineString></Placemark>
<Placemark><name>보존형 경계 — 인도-오스트레일리아판 · 소말리아판</name><description>두 판이 어긋나는 곳 — 변환 단층, 지각이 생기지도 사라지지도 않는다</description><styleUrl>#tra</styleUrl><LineString><coordinates>70.09,-25.483 69.96,-25.651</coordinates></LineString></Placemark>
<Placemark><name>보존형 경계 — 인도-오스트레일리아판 · 소말리아판</name><description>두 판이 어긋나는 곳 — 변환 단층, 지각이 생기지도 사라지지도 않는다</description><styleUrl>#tra</styleUrl><LineString><coordinates>58.239,12.745 58.017,12.283 57.796,11.821 57.576,11.359 57.356,10.896 57.138,10.434 56.919,9.971</coordinates></LineString></Placemark>
<Placemark><name>보존형 경계 — 후안데푸카판 · 태평양판</name><description>두 판이 어긋나는 곳 — 변환 단층, 지각이 생기지도 사라지지도 않는다</description><styleUrl>#tra</styleUrl><LineString><coordinates>-124.742,40.313 -125.45,40.354 -126.159,40.39 -126.869,40.422 -127.579,40.45</coordinates></LineString></Placemark>
<Placemark><name>보존형 경계 — 후안데푸카판 · 태평양판</name><description>두 판이 어긋나는 곳 — 변환 단층, 지각이 생기지도 사라지지도 않는다</description><styleUrl>#tra</styleUrl><LineString><coordinates>-126.627,43.014 -127.571,43.419 -128.528,43.818 -129.498,44.208 -130.48,44.589</coordinates></LineString></Placemark>
<Placemark><name>보존형 경계 — 북아메리카판 · 태평양판</name><description>두 판이 어긋나는 곳 — 변환 단층, 지각이 생기지도 사라지지도 않는다</description><styleUrl>#tra</styleUrl><LineString><coordinates>-137.107,58.438 -136.895,58.09 -136.522,57.634 -136.209,57.118 -135.903,56.621 -135.429,56.102 -135.18,55.819 -134.669,55.317 -134.151,54.812 -133.84,54.377 -133.426,53.924 -133.093,53.522 -132.714,53.127</coordinates></LineString></Placemark>
<Placemark><name>보존형 경계 — 북아메리카판 · 태평양판</name><description>두 판이 어긋나는 곳 — 변환 단층, 지각이 생기지도 사라지지도 않는다</description><styleUrl>#tra</styleUrl><LineString><coordinates>-131.592,52.259 -131.177,51.886</coordinates></LineString></Placemark>
<Placemark><name>보존형 경계 — 북아메리카판 · 태평양판</name><description>두 판이 어긋나는 곳 — 변환 단층, 지각이 생기지도 사라지지도 않는다</description><styleUrl>#tra</styleUrl><LineString><coordinates>-124.416,40.311 -124.163,39.914 -123.89,39.439 -123.597,38.997 -123.305,38.541 -122.696,37.874 -122.38,37.527 -122.005,37.205 -121.305,36.698 -120.897,36.338 -120.438,35.91 -119.936,35.45 -119.329,34.981</coordinates></LineString></Placemark>
<Placemark><name>보존형 경계 — 북아메리카판 · 태평양판</name><description>두 판이 어긋나는 곳 — 변환 단층, 지각이 생기지도 사라지지도 않는다</description><styleUrl>#tra</styleUrl><LineString><coordinates>-116.66,34.042 -116.209,33.771 -115.773,33.421 -115.596,33.237</coordinates></LineString></Placemark>
<Placemark><name>보존형 경계 — 북아메리카판 · 태평양판</name><description>두 판이 어긋나는 곳 — 변환 단층, 지각이 생기지도 사라지지도 않는다</description><styleUrl>#tra</styleUrl><LineString><coordinates>165.771,54.588 166.407,54.237</coordinates></LineString></Placemark>
<Placemark><name>보존형 경계 — 북아메리카판 · 태평양판</name><description>두 판이 어긋나는 곳 — 변환 단층, 지각이 생기지도 사라지지도 않는다</description><styleUrl>#tra</styleUrl><LineString><coordinates>168.188,53.569 168.836,53.208</coordinates></LineString></Placemark>
<Placemark><name>보존형 경계 — 북아메리카판 · 태평양판</name><description>두 판이 어긋나는 곳 — 변환 단층, 지각이 생기지도 사라지지도 않는다</description><styleUrl>#tra</styleUrl><LineString><coordinates>-108.582,21.905 -108.676,21.96</coordinates></LineString></Placemark>
<Placemark><name>보존형 경계 — 북아메리카판 · 필리핀판</name><description>두 판이 어긋나는 곳 — 변환 단층, 지각이 생기지도 사라지지도 않는다</description><styleUrl>#tra</styleUrl><LineString><coordinates>139.234,35.014 139.429,34.86</coordinates></LineString></Placemark>
<Placemark><name>보존형 경계 — 북아메리카판 · 필리핀판</name><description>두 판이 어긋나는 곳 — 변환 단층, 지각이 생기지도 사라지지도 않는다</description><styleUrl>#tra</styleUrl><LineString><coordinates>140.87,34.529 141.104,34.439</coordinates></LineString></Placemark>
<Placemark><name>보존형 경계 — 북아메리카판 · 남아메리카판</name><description>두 판이 어긋나는 곳 — 변환 단층, 지각이 생기지도 사라지지도 않는다</description><styleUrl>#tra</styleUrl><LineString><coordinates>-60.753,19.208 -59.949,19.455</coordinates></LineString></Placemark>
<Placemark><name>보존형 경계 — 북아메리카판 · 남아메리카판</name><description>두 판이 어긋나는 곳 — 변환 단층, 지각이 생기지도 사라지지도 않는다</description><styleUrl>#tra</styleUrl><LineString><coordinates>-58.309,19.192 -57.493,19.052 -56.805,18.694 -56.118,18.258 -55.484,17.784</coordinates></LineString></Placemark>
<Placemark><name>보존형 경계 — 나스카판 · 태평양판</name><description>두 판이 어긋나는 곳 — 변환 단층, 지각이 생기지도 사라지지도 않는다</description><styleUrl>#tra</styleUrl><LineString><coordinates>-113.944,-26.79 -113.608,-26.809 -112.976,-26.83</coordinates></LineString></Placemark>
<Placemark><name>보존형 경계 — 태평양판 · 필리핀판</name><description>두 판이 어긋나는 곳 — 변환 단층, 지각이 생기지도 사라지지도 않는다</description><styleUrl>#tra</styleUrl><LineString><coordinates>143.097,11.569 143.503,11.494</coordinates></LineString></Placemark>
<Placemark><name>보존형 경계 — 남아메리카판 · 스코샤판</name><description>두 판이 어긋나는 곳 — 변환 단층, 지각이 생기지도 사라지지도 않는다</description><styleUrl>#tra</styleUrl><LineString><coordinates>-33.058,-55.458 -33.691,-55.605</coordinates></LineString></Placemark>
<Placemark><name>보존형 경계 — 남아메리카판 · 스코샤판</name><description>두 판이 어긋나는 곳 — 변환 단층, 지각이 생기지도 사라지지도 않는다</description><styleUrl>#tra</styleUrl><LineString><coordinates>-49.163,-52.664 -50.671,-52.71 -52.176,-52.873 -53.382,-53.209 -54.741,-53.406 -55.597,-53.53 -56.457,-53.649 -57.75,-53.626 -59.246,-53.598 -60.532,-53.674 -61.933,-53.81 -62.821,-53.917 -63.713,-54.018</coordinates></LineString></Placemark>
<Placemark><name>보존형 경계 — 남아메리카판 · 스코샤판</name><description>두 판이 어긋나는 곳 — 변환 단층, 지각이 생기지도 사라지지도 않는다</description><styleUrl>#tra</styleUrl><LineString><coordinates>-65.871,-54.318 -67.404,-54.394 -68.989,-54.43 -69.867,-54.231 -70.513,-54.099 -71.291,-53.923 -72.082,-53.718 -73.01,-53.313 -74.035,-52.911 -74.996,-52.556 -75.743,-52.315 -76.483,-52.068</coordinates></LineString></Placemark>
<Placemark><name>보존형 경계 — 남아메리카판 · 스코샤판</name><description>두 판이 어긋나는 곳 — 변환 단층, 지각이 생기지도 사라지지도 않는다</description><styleUrl>#tra</styleUrl><LineString><coordinates>-28.647,-55.005 -29.489,-55.033</coordinates></LineString></Placemark>
</Folder>
<Folder><name>판 이름</name>
<Placemark><name>유라시아판</name><styleUrl>#plate</styleUrl><Point><coordinates>85,55</coordinates></Point></Placemark>
<Placemark><name>유라시아판</name><styleUrl>#plate</styleUrl><Point><coordinates>32,56</coordinates></Point></Placemark>
<Placemark><name>태평양판</name><styleUrl>#plate</styleUrl><Point><coordinates>-150,0</coordinates></Point></Placemark>
<Placemark><name>태평양판</name><styleUrl>#plate</styleUrl><Point><coordinates>176,22</coordinates></Point></Placemark>
<Placemark><name>북아메리카판</name><styleUrl>#plate</styleUrl><Point><coordinates>-100,52</coordinates></Point></Placemark>
<Placemark><name>남아메리카판</name><styleUrl>#plate</styleUrl><Point><coordinates>-55,-12</coordinates></Point></Placemark>
<Placemark><name>아프리카판</name><styleUrl>#plate</styleUrl><Point><coordinates>15,5</coordinates></Point></Placemark>
<Placemark><name>인도-오스트레일리아판</name><styleUrl>#plate</styleUrl><Point><coordinates>128,-25</coordinates></Point></Placemark>
<Placemark><name>인도-오스트레일리아판</name><styleUrl>#plate</styleUrl><Point><coordinates>80,-10</coordinates></Point></Placemark>
<Placemark><name>남극판</name><styleUrl>#plate</styleUrl><Point><coordinates>40,-76</coordinates></Point></Placemark>
<Placemark><name>남극판</name><styleUrl>#plate</styleUrl><Point><coordinates>-120,-72</coordinates></Point></Placemark>
<Placemark><name>필리핀판</name><styleUrl>#plate</styleUrl><Point><coordinates>133,18</coordinates></Point></Placemark>
<Placemark><name>나스카판</name><styleUrl>#plate</styleUrl><Point><coordinates>-90,-18</coordinates></Point></Placemark>
<Placemark><name>코코스판</name><styleUrl>#plate</styleUrl><Point><coordinates>-96,7</coordinates></Point></Placemark>
<Placemark><name>카리브판</name><styleUrl>#plate</styleUrl><Point><coordinates>-75,15</coordinates></Point></Placemark>
<Placemark><name>아라비아판</name><styleUrl>#plate</styleUrl><Point><coordinates>47,22</coordinates></Point></Placemark>
<Placemark><name>스코샤판</name><styleUrl>#plate</styleUrl><Point><coordinates>-45,-58</coordinates></Point></Placemark>
<Placemark><name>후안데푸카판</name><styleUrl>#plate</styleUrl><Point><coordinates>-128,46</coordinates></Point></Placemark>
<Placemark><name>소말리아판</name><styleUrl>#plate</styleUrl><Point><coordinates>45,-15</coordinates></Point></Placemark>
<Placemark><name>아나톨리아판</name><styleUrl>#plate</styleUrl><Point><coordinates>35.5,38.6</coordinates></Point></Placemark>
</Folder>
<Folder><name>해구</name>
<Placemark><name>마리아나 해구 (챌린저 해연)</name><description>태평양판이 필리핀판 아래로 섭입. 가장 깊은 곳 약 10,900 m — 지구에서 가장 깊은 바다</description><Point><coordinates>142.592,11.373</coordinates></Point></Placemark>
<Placemark><name>일본 해구</name><description>태평양판이 북아메리카판(오호츠크) 아래로 섭입. 2011년 도호쿠 지진(규모 9.0)</description><Point><coordinates>143.9,38.5</coordinates></Point></Placemark>
<Placemark><name>이즈·오가사와라 해구</name><description>태평양판이 필리핀판 아래로 섭입</description><Point><coordinates>142.5,30.0</coordinates></Point></Placemark>
<Placemark><name>쿠릴·캄차카 해구</name><description>태평양판이 북아메리카판 아래로 섭입</description><Point><coordinates>154.0,46.0</coordinates></Point></Placemark>
<Placemark><name>알류샨 해구</name><description>태평양판이 북아메리카판 아래로 섭입</description><Point><coordinates>-175.0,51.0</coordinates></Point></Placemark>
<Placemark><name>필리핀 해구</name><description>필리핀판이 유라시아판 아래로 섭입</description><Point><coordinates>127.0,10.0</coordinates></Point></Placemark>
<Placemark><name>자바(순다) 해구</name><description>인도-오스트레일리아판이 유라시아판 아래로 섭입. 2004년 수마트라 지진</description><Point><coordinates>110.0,-10.5</coordinates></Point></Placemark>
<Placemark><name>통가 해구</name><description>태평양판이 인도-오스트레일리아판 아래로 섭입. 깊이 약 10,800 m</description><Point><coordinates>-174.73,-23.25</coordinates></Point></Placemark>
<Placemark><name>케르마데크 해구</name><description>태평양판이 인도-오스트레일리아판 아래로 섭입</description><Point><coordinates>-177.0,-31.0</coordinates></Point></Placemark>
<Placemark><name>페루·칠레(아타카마) 해구</name><description>나스카판이 남아메리카판 아래로 섭입 → 안데스 산맥</description><Point><coordinates>-71.5,-23.0</coordinates></Point></Placemark>
<Placemark><name>중앙아메리카 해구</name><description>코코스판이 북아메리카·카리브판 아래로 섭입</description><Point><coordinates>-93.0,14.0</coordinates></Point></Placemark>
<Placemark><name>푸에르토리코 해구</name><description>대서양에서 가장 깊은 곳(약 8,400 m)</description><Point><coordinates>-66.0,19.8</coordinates></Point></Placemark>
</Folder>
<Folder><name>해령·열곡대</name>
<Placemark><name>대서양 중앙 해령</name><description>북아메리카판·유라시아판(북쪽), 남아메리카판·아프리카판(남쪽)이 멀어진다. 한쪽으로 해마다 약 1~2.5 cm</description><Point><coordinates>-42.0,30.0</coordinates></Point></Placemark>
<Placemark><name>동태평양 해령</name><description>태평양판과 나스카판이 멀어진다. 확장 속도가 빠른 해령(한쪽 약 6~8 cm/년)</description><Point><coordinates>-113.0,-20.0</coordinates></Point></Placemark>
<Placemark><name>인도양 중앙 해령</name><description>아프리카판(소말리아)과 인도-오스트레일리아판이 멀어진다</description><Point><coordinates>66.5,-15.0</coordinates></Point></Placemark>
<Placemark><name>남동인도양 해령</name><description>인도-오스트레일리아판과 남극판이 멀어진다</description><Point><coordinates>100.0,-45.0</coordinates></Point></Placemark>
<Placemark><name>아이슬란드 (싱벨리르 열곡)</name><description>대서양 중앙 해령이 바다 위로 드러난 곳 — 섬 한가운데가 갈라진다</description><Point><coordinates>-21.13,64.256</coordinates></Point></Placemark>
<Placemark><name>동아프리카 열곡대</name><description>대륙이 갈라지기 시작하는 곳(아프리카판·소말리아판)</description><Point><coordinates>36.5,-2.0</coordinates></Point></Placemark>
<Placemark><name>홍해</name><description>열곡이 바다가 된 곳 — 아프리카판과 아라비아판이 멀어진다</description><Point><coordinates>38.5,20.0</coordinates></Point></Placemark>
</Folder>
<Folder><name>변환 단층·충돌대</name>
<Placemark><name>산안드레아스 단층</name><description>태평양판과 북아메리카판이 어긋나는 보존형 경계</description><Point><coordinates>-119.83,35.27</coordinates></Point></Placemark>
<Placemark><name>북아나톨리아 단층</name><description>아나톨리아판과 유라시아판이 어긋나는 보존형 경계</description><Point><coordinates>31.5,40.7</coordinates></Point></Placemark>
<Placemark><name>알파인 단층 (뉴질랜드)</name><description>태평양판과 인도-오스트레일리아판이 어긋나는 보존형 경계</description><Point><coordinates>170.5,-43.5</coordinates></Point></Placemark>
<Placemark><name>히말라야 산맥</name><description>인도-오스트레일리아판과 유라시아판이 충돌해 솟은 산맥(수렴형·충돌)</description><Point><coordinates>86.9,28.0</coordinates></Point></Placemark>
<Placemark><name>알프스 산맥</name><description>아프리카판과 유라시아판의 충돌</description><Point><coordinates>10.0,46.5</coordinates></Point></Placemark>
</Folder>
<Folder><name>열점(판 한가운데 화산)</name>
<Placemark><name>하와이 (킬라우에아)</name><description>태평양판 한가운데의 열점 — 판이 움직여 섬이 북서쪽으로 줄지어 있다</description><Point><coordinates>-155.28,19.41</coordinates></Point></Placemark>
<Placemark><name>옐로스톤</name><description>북아메리카판 한가운데의 열점 칼데라</description><Point><coordinates>-110.59,44.43</coordinates></Point></Placemark>
<Placemark><name>갈라파고스 제도</name><description>나스카판 위의 열점 화산섬</description><Point><coordinates>-91.0,-0.5</coordinates></Point></Placemark>
<Placemark><name>레위니옹섬</name><description>아프리카판 위의 열점 화산섬</description><Point><coordinates>55.5,-21.1</coordinates></Point></Placemark>
</Folder>
</Document></kml>